商品名称,价格,店铺名称,颜色,评论数,图片,店铺ID,卖点,skuId,总销量,商品ID
金百达（KINGBANK）32GB(16GBX2)套装 DDR4 3200 台式机内存条 银爵 C16 适配黑神话悟空,1279.00,金百达京东自营旗舰店,【DDR4 3200】银爵 电竞散热款,100万+,jfs/t1/408868/30/7578/132224/69c4af68F4a67f966/008332032011efa1.jpg,1000076001,适配性强;超高速度;游戏电竞;双通道设计,100007177599,100万+,100007177599
光威（Gloway）16GB DDR5 4800 台式机内存条 天策 马甲条 精选颗粒 CL40 皓月白 AI电脑配件升级,1039.00,光威京东自营旗舰店,4800 C40 天策-皓月白 精选颗粒,10万+,jfs/t20280429/423306/6/21757/120968/69f30819Fee8c1fa5/0a0232032013a334.jpg,1000077382,精选颗粒;一键超频;优化游戏体验;CL40时序,100042361173,10万+,100042361173
忆捷（EAGET）DDR3 8GB 1600Mhz 1.5V 电脑台式机内存条 普条 第三代电脑内存 办公学习适用 P10,139.00,忆捷存储京东自营旗舰店,【DDR3 1600】普条,5000+,jfs/t1/408085/35/11560/867537/69c3a2f7F5a36a16a/093b320320d0ad94.png,1000000335,600+人收藏;4万+人加购;6千+人已买,100204284610,1万+,100204284610
七彩虹（Colorful）32G(16G*2)DDR4 3200 台式机内存条 马甲条 战斧系列·钛金灰 C18 支持工作站部署,1199.00,七彩虹京东自营旗舰店,【3200】战斧·钛金灰(C18),20万+,jfs/t1/426308/11/6820/139072/69f018ffF4a235cfb/0083320320489d37.jpg,1000000267,精选颗粒;台式机专用;双通道设计;稳定兼容,100176751558,30万+,100176751558
长城（Great Wall）8GB DDR4 3200频率 台式机内存条马甲条 龙鳞铂金系列,349.00,长城（Great Wall）存储京东自营旗舰店,【DDR4 3200】铂金 电竞款,2万+,jfs/t1/415922/5/6710/63718/69d60f3eFec166140/008332032053ba0f.jpg,1000468648,9千+人加购;稳定兼容;500+店铺粉丝浏览,100150967662,3万+,100150967662
金百达（KINGBANK）16GB DDR4 3200 台式机内存条 银爵 C16 适配黑神话悟空,649.00,金百达京东自营旗舰店,【DDR4 3200】银爵 电竞散热款,100万+,jfs/t1/407215/15/18808/121229/69c4af61Fcd6bd04f/0083320320e88977.jpg,1000076001,高效能效;高速传输;游戏加速;优选颗粒,100007177597,100万+,100007177597
光威（Gloway）16GB(8GBx2) DDR5 6000 台式机内存条 天策 马甲条 海力士M-die CL36 皓月白 AI电脑配件升级,1359.00,光威京东自营旗舰店,6000 C36天策-皓月白海力士M-die,10万+,jfs/t20280429/425898/30/6922/135655/69f30819Ff9027ac6/0a02320320a9132a.jpg,1000077382,海力士颗粒;双通道设计;大容量支持;CL36 时序,100223316721,10万+,100223316721
长城DDR4 3200黑金内存条,539.00,长城（Great Wall）存储京东自营旗舰店,【DDR4 3200】黑金 Intel专用,2万+,jfs/t1/420398/37/2144/66051/69de0e87Fdb5ff92f/0083320320b16532.jpg,1000468648,稳定兼容;Intel专用;甄选原厂颗粒;便捷升级,100150967682,3万+,100150967682
长城（Great Wall）8GB DDR4 3200频率 台式机内存条马甲条 Intel专用条龙鳞黑金系列,279.00,长城（Great Wall）存储京东自营旗舰店,【DDR4 3200】黑金 Intel专用,2万+,jfs/t1/420658/35/2058/65991/69de0e87F86027794/0083320320c52dfd.jpg,1000468648,4万+人加购;10万+人浏览;近7日人气商品,100150967676,3万+,100150967676
金百达（KINGBANK）32GB(16GBX2)套装 DDR4 3600 台式机内存条  intel专用条 黑爵 适配黑神话悟空,1259.00,金百达京东自营旗舰店,【DDR4 3600】黑爵 Intel专用,100万+,jfs/t1/409977/12/3898/146751/69c4af3eF8b08c065/0083320320741c1b.jpg,1000076001,极致性能;稳定兼容;高效畅玩;高频率运行,100047815753,100万+,100047815753
金百达（KINGBANK）32GB(16GBX2)套装 DDR5 6000 台式机内存条 国产颗粒 银爵 C36 Deepseek硬件,2459.00,金百达京东自营旗舰店,[D5 6000]银爵国产颗粒 C36,2万+,jfs/t1/409127/33/7670/140236/69c4b163F88a667e6/008332032079f981.jpg,1000076001,先进工艺;游戏电竞;双通道设计;高效运行,100133261333,5万+,100133261333
七彩虹（Colorful）16G DDR5 6000 台式机内存条 马甲条 战斧系列·陨铁黑 C38 openclaw兼容,1198.00,七彩虹京东自营旗舰店,6000 C38 战斧·陨铁黑 精选颗粒,2万+,jfs/t1/428206/9/2590/137925/69f01ccfF16a2cc4e/0083320320234356.jpg,1000000267,高效散热;即插即用;稳定兼容;优质颗粒,100090120212,2万+,100090120212
忆捷（EAGET）8GB DDR4 3200Mhz赫兹 台式机内存条 电脑内存马甲条 适配游戏电竞黑神话悟空 PS40系列,289.00,忆捷存储京东自营旗舰店,【DDR4 3200】电竞散热款,2000+,jfs/t1/425746/23/12192/142639/69f2ba7cF4a816269/008332032017ff0e.jpg,1000000335,1万+人加购;高效散热;近7日人气商品,100204284586,4000+,100204284586
金百达16G(8GX2)3200台式内存条,659.00,金百达京东自营旗舰店,【DDR4 3200】银爵 电竞散热款,100万+,jfs/t1/407057/19/11170/131564/69c4af5bFa95e9d63/0083320320436a70.jpg,1000076001,稳定性能;升级空间大;高速传输;双通道设计,100014056864,100万+,100014056864
GEIL金邦 32GB(16GBx2) DDR5-4800 台式机电脑内存条 千禧系列 低电压 品牌电脑扩展存储条,1999.00,GEIL存储京东自营旗舰店,千禧系列基础版【DDR5 4800】,1000+,jfs/t1/393004/1/6084/102472/697c5c16F3414df07/00833203202b1512.jpg,1000443886,升级优选;性能提升;组建双通道;加装升级;高效兼容;4800MT/s;大容量存储;台式机专用;生命周期保固;双通道支持,100265788166,2000+,100265788166
阿斯加特（Asgard）16GB(8GBx2) DDR5 6000 台式机内存条 海拉 马甲条 海力士A-die CL28 极夜黑 AI电脑配件升级,1399.00,阿斯加特京东自营旗舰店,6000 C28 海拉-极夜黑 A-die,2万+,jfs/t20280416/421130/16/6005/145993/69e1ad63Fd7d3a638/0a02320320568557.jpg,1000079883,海力士颗粒;超低时序;一键超频;海力士芯,100219543021,2万+,100219543021
长城（Great Wall） 8GB DDR4 2666频率 台式机电脑内存条 普条系列,295.00,长城（Great Wall）存储京东自营旗舰店,【DDR4 2666】普条,2万+,jfs/t1/414908/21/11711/56191/69d60f3fFc70e8c66/0083320320cdbfd8.jpg,1000468648,2千+人已买;近30日人气商品;100+人收藏,100150967648,3万+,100150967648
来酷 联想（lecoo） DDR5 32G(16G*2)套装 6000  台式机内存条 酷玩系列 AI电脑配件 大模型硬件,2209.00,联想来酷京东自营旗舰店,【D5 6000】酷玩 竞技款,2000+,jfs/t1/409709/2/13520/110156/69ccd95eF137a2c52/00833203200c5919.jpg,1000101933,32G套装马甲;台机DDR5;6000MHz;快速响应;超高频率;适配新款;强大兼容性;稳定性能;AI加速技术;流畅游戏体验,100108579119,8000+,100108579119
GEIL金邦 32GB(16GBx2)DDR5-5600 台式机电脑内存条 千禧系列 低电压 品牌电脑扩展存储条,2099.00,GEIL存储京东自营旗舰店,千禧系列基础版【DDR5 5600】,1000+,jfs/t1/390905/23/11406/102829/697c5ecbFd79ed3af/0083320320586154.jpg,1000443886,升级优选;稳定兼容;适配品牌机;32GB容量;大容量存储;高频率运行;高性能内存;千禧系列;双通道套装;快速传输,100234719222,2000+,100234719222
光威（Gloway）24GB DDR5 6000 台式机内存条 天策 马甲条 三星颗粒 CL42 皓月白 AI电脑配件升级,1459.00,光威京东自营旗舰店,6000 C42 天策-皓月白 三星颗粒,10万+,jfs/t20280429/424908/40/16965/121110/69f30819F988853f6/0a02320320b71a4d.jpg,1000077382,兼容性稳定;平台优化;优质颗粒;三星颗粒,100320773712,10万+,100320773712
忆捷（EAGET）16GB DDR4 3200Mhz赫兹 台式机内存条 电脑内存马甲条 适配游戏电竞黑神话悟空 PS40,579.00,忆捷存储京东自营旗舰店,【DDR4 3200】电竞散热款,2000+,jfs/t1/298942/21/16426/80529/68505c8bF67a853da/c930a76989ae99ed.jpg,1000000335,近7日人气商品;近30日人气商品;3万+人加购,100204284628,4000+,100204284628
宏碁掠夺者（PREDATOR）24G 单条 DDR5 6000频率 台式机内存条 Pallas II 凌霜系列（C30）星光银 AI电脑配件,1699.00,宏碁掠夺者（PREDATOR）存储京东自营旗舰店,6000MHz C30凌霜-银,2万+,jfs/t1/423555/29/17114/114551/69ef2614Fa5ba24b5/008332032084d886.jpg,1000364368,高规格散热马甲;高速传输;稳定兼容;星光银外观,100319058570,3万+,100319058570
爱国者32GB(16G×2)套装 DDR4 3200 台式机内存条 马甲条 双通道电脑存储条 承影黑色 C16 Deepseek硬件,1299.00,爱国者存储京东自营旗舰店,【D4 3200】承影 电竞散热 C16黑,5万+,jfs/t1/410147/25/15272/70379/69cb8596F9af5b99d/0083320320a3b2bd.jpg,1000002519,C16超低时序;3200MHz;支持XMP超频;黑色外观;瞬时响应;国民好物;卓越兼容;大容量存储;售后无忧;散热设计,100089794733,6万+,100089794733
七彩虹（Colorful）32GB(16G×2)DDR4 3200 台式机内存条 马甲条 战斧系列·冰雪白 C18 支持工作站部署,1199.00,七彩虹京东自营旗舰店,【3200】战斧·冰雪白(C18),20万+,jfs/t1/428646/31/1272/115525/69f0195aFbd8e314b/00833203200c079b.jpg,1000000267,适配多款主板;高效能提升;双通道设计;高速内存频率,100046944140,30万+,100046944140
阿斯加特（Asgard）24GB DDR5 6000 台式机内存条 海拉 马甲条 精选颗粒 CL42 极地白 AI电脑配件升级,1409.00,阿斯加特京东自营旗舰店,6000 C42 海拉-极地白 精选颗粒,1000+,jfs/t20280416/419142/9/12194/137062/69e1ad62F683bb31a/0a023203206865bc.jpg,1000079883,一键超频;XMP3.0;高速传输;24GB大容量;超低时序;6000MHz;海拉设计;精选颗粒;极地白色,100321709392,1000+,100321709392
光威（Gloway）16GB DDR5 6000 台式机内存条 龙武 马甲条 镁光颗粒 CL38 星空黑 AI电脑配件升级,1199.00,光威京东自营旗舰店,6000 C38 龙武-星空黑 镁光颗粒,10万+,jfs/t20280429/424956/23/17450/133737/69f3081aFeac12b98/0a023203207853d2.jpg,1000077382,台式机专用;星空黑色;马甲条设计;CL38 时序,100320969280,10万+,100320969280
奔跑者（Runner）32GB(16G×2)套装 DDR5 6000 台式机内存条 灵跃 电竞马甲条 CL38 钛晶灰,2099.00,奔跑者（RUNNER）京东自营旗舰店,灵跃【D5 6000】 灰色/C38,100+,jfs/t1/428850/23/1315/131243/69f08135F8b12aa6f/0083320320397cb0.jpg,1032303420,,100316350738,300+,100316350738
金百达（KINGBANK）32GB(16GBX2)套装 DDR5 6000 台式机内存条海力士A-die颗粒 星刃黑 C28 Deepseek硬件,2799.00,金百达京东自营旗舰店,【D5 6000】星刃海力士A-die C28,20万+,jfs/t1/408610/8/10756/135638/69c4b242Fb6fdbbbc/0083320320130d6d.jpg,1000076001,星刃战甲设计;时序CL28;性能卓越;原厂原印海力士,100098768438,20万+,100098768438
忆捷（EAGET） 16GB(8GBX2)套装 DDR4 3200Mhz 电脑台式机内存条 马甲条 适配游戏电竞PS40,569.00,忆捷存储京东自营旗舰店,【DDR4 3200】电竞散热款,2000+,jfs/t1/305722/11/14519/118278/6862d029F11d3395b/2f4d720ea24aafeb.jpg,1000000335,600+人已买;7万+人浏览;100+人收藏,100159965739,4000+,100159965739
GEIL金邦DDR5-5600内存条,1099.00,GEIL存储京东自营旗舰店,千禧系列基础版【DDR5 5600】,1000+,jfs/t1/410952/14/8146/212486/69c9e82aF35acc384/008332032030bac3.jpg,1000443886,高效扩展;稳定兼容;高速传输;台式优选,100093268337,2000+,100093268337
宏碁掠夺者（PREDATOR）32G(16G×2)套装 DDR5 6000频率 台式机内存条 Hermes冰刃系列 RGB灯条(C28) 白色 AI电脑配件,3099.00,宏碁掠夺者（PREDATOR）存储京东自营旗舰店,6000MHz C28冰刃-白,5万+,jfs/t1/425603/16/8152/113812/69ef261fF43e03917/00833203202c4020.jpg,1000364368,AMD黄金搭档;实时温度感知;RGB灯效;双通道设计,100171531574,10万+,100171531574
金百达（KINGBANK）32GB(16GBX2)套装 DDR5 6000 台式机内存条海力士M-die颗粒 银爵 C30 Deepseek硬件,2599.00,金百达京东自营旗舰店,【6000】银爵海力士M-die C30,10万+,jfs/t1/410147/30/3505/142160/69c4b046Fb5eb99b0/0083320320a6c8be.jpg,1000076001,DDR5技术;高速频率;双通道设计;稳定兼容,100137697258,10万+,100137697258
长城（Great Wall）16GB DDR4 2666频率 台式机电脑内存条 普条系列,579.00,长城（Great Wall）存储京东自营旗舰店,【DDR4 2666】普条,2万+,jfs/t1/415608/23/6744/56261/69d60f41F35d20c8d/00833203206c3355.jpg,1000468648,100+人收藏;1千+人已买;500+店铺会员浏览,100124439839,3万+,100124439839
光威 DDR5 6000 24G CL28 内存条,1699.00,光威京东自营旗舰店,6000 C28 龙武-银 海力士M-die,10万+,jfs/t20280429/429822/14/1060/140757/69f30819F54e775d2/0a02320320449857.jpg,1000077382,马甲设计;海力士芯;CL28时序;海力士M-die,100240661727,10万+,100240661727
七彩虹（Colorful）32G(16Gx2)DDR5 6000 台式机内存条 马甲条 战斧系列·陨铁黑 C38 支持工作站部署,2399.00,七彩虹京东自营旗舰店,6000 C38 战斧·陨铁黑 精选颗粒,2万+,jfs/t1/426603/12/7742/143536/69f01cf5Fbdcb80db/00833203204870c2.jpg,1000000267,极速响应;双通道设计;稳定兼容;性能超凡,100090120192,2万+,100090120192
光威 DDR5 7000 32G台式机内存条,2599.00,光威京东自营旗舰店,7000 C34 神策-白 海力士A-die,5万+,jfs/t20280429/429356/38/2577/130085/69f30819F77321370/0a0232032098a1c2.jpg,1000077382,CL34时序;RGB灯效同步;适配黑神话;炫酷灯效;出色稳定性;兼容性强;RGB炫彩;海力士芯片;低延迟CL34;RGB灯条,100073065433,8万+,100073065433
GEIL金邦32GB DDR5-6000 台式机电脑内存条 巨蟹马甲条系列金属灰 C40 电脑升级加装,2249.00,GEIL存储京东自营旗舰店,[6000]巨蟹-金属灰 精选颗粒,1000+,jfs/t1/410520/33/3532/197075/69c7491dF98dd6938/008332032054aca6.jpg,1000443886,电脑加装升级;合金马甲;稳定兼容;金属灰外观;升级加装;单条32GB;大容量存储;高频6000,100300028758,2000+,100300028758
宏碁掠夺者（PREDATOR）32G(16G×2)套装 DDR5 6000频率 台式机内存条 Pallas II 凌霜系列（C32）石耀黑 AI电脑配件,2799.00,宏碁掠夺者（PREDATOR）存储京东自营旗舰店,6000MHz C32凌霜-黑,2万+,jfs/t1/425804/39/8822/111427/69ef2623F8255a42c/0083320320b677c9.jpg,1000364368,高效散热;稳定兼容;性能出色;DDR5新,100289236056,3万+,100289236056
光威 DDR5 6000 16G台式机内存条,1399.00,光威京东自营旗舰店,6000 C28 神武-灰 A-die,5万+,jfs/t20280429/426544/35/10258/120152/69f3081aF2cd80497/0a02320320bef663.jpg,1000077382,RGB灯条;CL28时序;海力士A-die;XMP3.0;太空灰色;超频6000;16GB大容量;RGB灯效,100321034156,8万+,100321034156
长城（Great Wall）8GB DDR4 3200频率 台式机电脑内存条 普条系列,339.00,长城（Great Wall）存储京东自营旗舰店,【DDR4 3200】普条,2万+,jfs/t1/321428/18/16318/27551/6874c7dfF21f219bc/9fc8805a0f48b40e.jpg,1000468648,稳定兼容;900+人已买;3万+人浏览;高速性能,100150967670,3万+,100150967670
金百达（KINGBANK）32GB(16GBX2)套装 DDR5 6000 台式机内存条海力士A-die颗粒 白刃RGB灯条 C28 Deepseek硬件,2799.00,金百达京东自营旗舰店,[6000]白刃灯条海力士A-die C28,20万+,jfs/t1/407921/32/7983/131563/69c4b283F9f80d074/0083320320363e99.jpg,1000076001,RGB灯效;稳定性卓越;A-die颗粒;海力士原装,100120470826,20万+,100120470826
宏碁掠夺者（PREDATOR）32G(16G×2)套装 DDR5 6000频率 台式机内存条 Pallas II 凌霜系列（C32）星光银 AI电脑配件,2799.00,宏碁掠夺者（PREDATOR）存储京东自营旗舰店,6000MHz C32凌霜-银,2万+,jfs/t1/425519/9/9496/111905/69ef2624F0eeb9069/0083320320226aa3.jpg,1000364368,高速传输;星光银外观;XMP3.0;E.X.P.O,100289236096,3万+,100289236096
金百达（KINGBANK）32GB(16GBX2)套装 DDR5 6000 台式机内存条海力士M-die颗粒 银爵 C36 Deepseek硬件,2499.00,金百达京东自营旗舰店,【6000】银爵海力士M-die C36,10万+,jfs/t1/408122/30/13445/144472/69c4b03cF2951f410/00833203208fd4f3.jpg,1000076001,CL36;海力士;M-die颗粒;流畅体验;C36时序;PMIC电压;节能高效;DDR5升级;高频稳定;兼容性强,100043895094,10万+,100043895094
惠普128GB TF（MicroSD）内存卡A1 U3 高速紫卡 读速100MB/s手机平板游戏无人机车记录仪存储卡,219.00,惠普存储京东自营旗舰店,TF卡-高速紫白卡,2000+,jfs/t1/419157/8/9525/2198580/69df2cf5Ffd5cd1f8/0083800800ba249f.jpg,1000002252,300+人浏览;超10万人店内购买;只换不修,100241377383,4000+,100241377383
光威（Gloway）32GB(16GBX2) DDR5 6800 台式机内存条 龙武 马甲条 三星颗粒 CL38 星空黑 AI电脑配件升级,2399.00,光威京东自营旗舰店,6800 C38 龙武-黑三星颗粒,10万+,jfs/t20280429/425289/29/15589/158679/69f30819F955e5500/0a023203202afc82.jpg,1000077382,大容量32GB;一键超频;CL38时序;三星颗粒,100266794216,10万+,100266794216
阿斯加特（Asgard）32GB(16GBx2) DDR5 6000 台式机内存条 海姆达尔 马甲条 三星颗粒 CL38 黑厚甲 AI电脑配件升级,2399.00,阿斯加特京东自营旗舰店,6000 C38 海姆达尔-黑 三星颗粒,2万+,jfs/t20280416/421793/1/3327/166586/69e1adeaFb982c508/0a023203206150c3.jpg,1000079883,三星颗粒;一键超频;高性能体验;CL38优化,100261498758,4万+,100261498758
GEIL金邦 16GB(8GBx2)套装 DDR5 6000 台式机电脑内存条 海力士A-die颗粒 巨蟹马甲系列金属灰C30 ,1499.00,GEIL存储京东自营旗舰店,[6000]巨蟹-金属灰 海力士A-die,1000+,jfs/t1/410584/26/5417/189473/69c748d0F2343b91f/00833203205e5478.jpg,1000443886,金属外壳;双通道套装;DDR5技术;海力士颗粒,100314795860,2000+,100314795860
惠普128GB TF（MicroSD）内存卡 U1 C10 高速蓝卡 读速100MB/s 行车记录仪 运动相机无人机 监控存储卡,186.00,惠普存储京东自营旗舰店,行车记录仪&安防监控专用,2000+,jfs/t1/420836/17/2001/217757/69df5a15F2a7cbec8/008332032093319c.jpg,1000002252,店铺被10万人种草;超大容量;高速性能,100313236236,4000+,100313236236
光威（Gloway）32GB(16GBx2) DDR5 6400 台式机内存条 龙武 马甲条 镁光颗粒 CL38 星空黑 AI电脑配件升级,2399.00,光威京东自营旗舰店,6400 C38 龙武-黑 镁光颗粒,10万+,jfs/t20280429/427009/3/9590/158825/69f30819Fd2802b61/0a0232032018a7dd.jpg,1000077382,超强性能;镁光颗粒;高体质颗粒;适配多设备,100113204983,10万+,100113204983
金百达（KINGBANK）32GB(16GBX2)套装 DDR4 3600 台式机内存条 海力士原装CJR/DJR颗粒 银爵 C18,1459.00,金百达京东自营旗舰店,【DDR4 3600】银爵 电竞散热款,100万+,jfs/t1/423342/13/22252/136252/69f2d19eF57b26db6/0083320320328218.jpg,1000076001,极速加载;畅玩无阻;海力士颗粒;双通道设计,100038016738,100万+,100038016738
佰维（BIWIN）32G(16G×2)套装 DDR5 6000频率台式机内存条 时空行者DW100 RGB灯条(C30)黑色 AI PC电脑配件,2829.00,佰维（BIWIN）存储京东自营旗舰店,6000MHz C30时空行者-黑,500+,jfs/t1/409787/4/7444/130568/69c6024fF0177cacf/0083320320e42ef8.jpg,1000476284,精挑颗粒;RGB灯条;无惧挑战;高效性能;高频率支持;长效保固;低时序CL30;悦动炫光;大容量存储;立体设计,100145600388,600+,100145600388
忆捷（EAGET）32GB(16G×2)套装 DDR4 3200 台式机内存条 马甲条2条装PS40 适用于游戏电竞商务办公专业摄影设计,1159.00,忆捷存储京东自营旗舰店,【DDR4 3200】电竞散热款,2000+,jfs/t1/429346/24/1995/163105/69f2ba7aF3dc3d664/008332032000afe6.jpg,1000000335,1万+人加购;稳定性能疾速提升;200+人收藏,100159965735,4000+,100159965735
光威（Gloway）32GB(16GBX2) DDR5 6000 台式机内存条 龙武 马甲条 镁光颗粒 CL38 星空黑 AI电脑配件升级,2399.00,光威京东自营旗舰店,6000 C38 龙武-星空黑 镁光颗粒,10万+,jfs/t20280429/426574/20/7366/159824/69f30819Fbb6d4766/0a0232032088b6c5.jpg,1000077382,星空黑设计;镁光颗粒;CL38时序;大容量支持,100266794222,10万+,100266794222
GEIL金邦 32G DDR4 3200 台式机电脑内存条 天箭系列 可组双通道存储条 枪灰色C18 ,1449.00,GEIL存储京东自营旗舰店,[天箭]D4 3200-枪灰色,5000+,jfs/t1/308533/29/19021/74298/687f4793Ff5d3894d/33d303113a5f0c51.jpg,1000443886,支持组建双通道;电脑升级优选;多平台兼容;高频率性能;台式专用;C18时序;3200MHz;稳定双通道;台式机专用;双通道支持,100191331577,7000+,100191331577
GEIL金邦32GB(16GBx2)套装 DDR5-6000 台式机电脑内存条 巨蟹马甲条系列金属灰 C40,2299.00,GEIL存储京东自营旗舰店,[6000]巨蟹-金属灰 精选颗粒,1000+,jfs/t1/408990/29/11883/178869/69c77547F3ff8cb4f/00833203202f9e98.jpg,1000443886,电脑升级优选;组建双通道;金属灰外观;巨蟹马甲;精选颗粒;CL40低时序;EPXO优化;32GB大容量;DDR5平台;大容量存储,100224822799,2000+,100224822799
铨兴DDR4 3200MHz 台式机内存条 8G 马甲条 单条 支持超频 高速稳定兼容 游戏办公电脑内存升级H3200,319.00,铨兴（QUANXING）京东自营旗舰店,3200MHz 飞梭,1000+,jfs/t20280419/423252/29/3146/133144/69e59c9dF9f2a6de5/0a02320320fcff12.jpg,1000470711,稳定运行;内存升级;高效散热;1万+人加购,100301927428,2000+,100301927428
来酷联想 16G DDR5 6000 台式机内存条酷玩系列 助力AI Deepseek硬件,1088.00,联想来酷京东自营旗舰店,【D5 6000】酷玩 竞技款,2000+,jfs/t1/410780/29/11931/100229/69ccd948Fe89f2576/00833203204338ee.jpg,1000101933,高频性能;酷玩设计;以换代修;助力AI,100221862501,8000+,100221862501
奔跑者（Runner）32GB DDR5 6000 台式机内存条 灵跃 电竞马甲条 CL46 钛晶灰,1999.00,奔跑者（RUNNER）京东自营旗舰店,灵跃【D5 6000】 灰色,100+,jfs/t1/388857/32/3168/98858/6969f05bF8397c9d1/0083320320e1f6c5.jpg,1032303420,,100316912110,300+,100316912110
GEIL金邦 32G(16Gx2) DDR4 3200 台式机电脑内存条 天箭系列 枪灰色C18 双通道存储条,1239.00,GEIL存储京东自营旗舰店,[天箭]D4 3200-枪灰色,5000+,jfs/t1/280579/20/8828/97358/67e20b11F1b939786/65ff9b2dc33b8676.jpg,1000443886,稳定兼容多平台;电脑升级推荐;高效散热;台式机专用;平台马甲条;枪灰色外观;大容量存储;低延迟C18;双通道设计,100165593838,7000+,100165593838
酷芯客（KORX）32GB(16GBX2)套装 DDR5 6000 台式机内存条 剑客马甲条 C38 霜月白 AI电脑存储配件,2399.00,酷芯客京东自营旗舰店,【6000 C38】剑客白 镁光颗粒,500+,jfs/t1/337064/18/22892/86910/68fb29c8F45e87759/eeba77ba86d837dd.jpg,1033817106,3万+人浏览;100+人收藏;8千+人加购,100291867020,1000+,100291867020
GEIL金邦 32G(16G*2) DDR4 3600 台式机电脑内存条 天箭系列 双通道存储条 白色C16 海力士CJR颗粒,1499.00,GEIL存储京东自营旗舰店,[天箭]D4 3600-白 海力士CJR C16,5000+,jfs/t1/409099/35/12756/164738/69c736d4F7f4512e5/0083320320aced29.jpg,1000443886,海力士CJR;C16低时序;DDR4规格;高速稳定;宽广兼容;持久耐用;XMP2.0;超低时序;高频3600;高效能耗,100140195132,7000+,100140195132
宏碁掠夺者（PREDATOR）32G(16G×2)套装 DDR5 6000频率 台式机内存条 Hermes冰刃系列 RGB灯条(C28) 石耀黑 AI电脑配件,3099.00,宏碁掠夺者（PREDATOR）存储京东自营旗舰店,6000MHz C28冰刃-黑,5万+,jfs/t1/422530/14/19900/117466/69ef261fF02dad94d/0083320320ef3187.jpg,1000364368,A-die颗粒;炫彩灯效;散热冰刃;AMD黄金搭档,100138144471,10万+,100138144471
JUHOR玖合 16GB DDR5 6000 台式机内存条 海力士A-die颗粒 CL28 玲珑无灯 助力AI ,1339.00,JUHOR京东自营旗舰店,【D5 6000】玲珑海力士A-dieC28,1万+,jfs/t1/419891/19/19033/156378/69f05c96Fb2064447/00833203201f5b24.jpg,1000390862,稳定运行;海力士颗粒;高频6000;AI加速,100232869471,1万+,100232869471
闪迪128GB SD内存卡，XXY升级款，适合4K视频拍摄和高清照片存储。,379.00,SanDisk闪迪京东自营旗舰店,新品上市V30 SD卡升级款[4K高清],400万+,jfs/t1/412401/40/10904/467623/69ce217bF3c10fd64/025832032070f075.jpg,1000000193,超200万人店内购买;超1000万人关注店铺,100248750393,400万+,100248750393
七彩虹（Colorful）16GB DDR4 3200 台式机内存条 战斧系列·钛金灰 C18 支持工作站部署,599.00,七彩虹京东自营旗舰店,【3200】战斧·钛金灰(C18),20万+,jfs/t1/423564/6/17225/133801/69f018f1Fbd9387de/008332032029db68.jpg,1000000267,性能优异;游戏加速;稳定兼容;精选颗粒,100055718969,30万+,100055718969
奔跑者（Runner）32GB DDR5 5600 台式机内存条 灵跃 电竞马甲条 CL46  钛晶灰,1899.00,奔跑者（RUNNER）京东自营旗舰店,灵跃【D5 5600】 灰色,100+,jfs/t1/419728/35/12419/97545/69e727feF42c61f9b/008332032036f4eb.jpg,1032303420,,100237446065,300+,100237446065
惠普（HP）16GB DDR5 5600频率 台式机内存条 X2系列(C46)原厂颗粒 AI电脑配件 适配黑神话悟空,1399.00,惠普京东自营旗舰店,【DDR5 5600】X2系列,1000+,jfs/t1/376145/5/16478/113774/694a5e57F71336b9b/8bdae6b88f4cac3b.jpg,1000482851,稳定性能;兼容性强;高频速率;高速传输;原厂颗粒,100148768359,3000+,100148768359
惠普64GB TF（MicroSD）内存卡 U1 C10 高速蓝卡 读速100MB/s 行车记录仪 运动相机无人机 监控存储卡,95.90,惠普存储京东自营旗舰店,行车记录仪&安防监控专用,2000+,jfs/t1/417540/25/10572/214833/69df5a0aFb5504cdf/00833203209d0a60.jpg,1000002252,高速性能;店铺被10万人种草;超大容量,100313236252,4000+,100313236252
七彩虹（Colorful）32G(16G*2)DDR4 3600台式机内存条 马甲条 战斧系列·钛金灰 C18,1449.00,七彩虹京东自营旗舰店,【3600】战斧·钛金灰(C18),20万+,jfs/t1/423432/26/16253/139164/69f0190dF29c7d10b/0083320320a028b4.jpg,1000000267,大容量存储;精选颗粒;高频率支持;双通道设计,100176751598,30万+,100176751598
GEIL金邦DDR5-4800内存条,999.00,GEIL存储京东自营旗舰店,千禧系列基础版【DDR5 4800】,1000+,jfs/t1/412449/5/2311/212707/69c9e787F4ffd1cde/00833203200b66cf.jpg,1000443886,加装升级;低时序;品牌机;大容量存储;台式机专用;低电压设计;DDR5技术,100188029524,2000+,100188029524
奔跑者（Runner）16GB DDR5 6000 台式机内存条 灵跃 电竞马甲条 CL38 钛晶灰,1049.00,奔跑者（RUNNER）京东自营旗舰店,灵跃【D5 6000】 灰色/C38,100+,jfs/t1/425302/4/12974/119695/69f08135F115fd529/008332032085a04e.jpg,1032303420,,100237156573,300+,100237156573
飞利浦（PHILIPS）64GB TF(MicroSD) 内存卡 A1 4K V30 U3 高速耐用行车记录仪 相机监控存储卡 读速130MB/s,75.90,飞利浦（PHILIPS）数码存储京东自营旗舰店,行车记录仪&监控专用【旗舰版】,5万+,jfs/t1/422156/8/12879/101757/69e86ecaF17cc0e54/008332032000a754.jpg,1000399151,近30日热销商品;近7日热销商品,100160276236,9万+,100160276236
来酷  联想(lecoo) 16G 4800 DDR5台式机内存条 AI电脑配件 大模型硬件,949.00,联想来酷京东自营旗舰店,【D5 4800】普条,2000+,jfs/t1/411474/17/11254/105844/69ccd8efF468d4a9c/00833203207e7259.jpg,1000101933,台式机16G;4800MHz;DDR5;普条设计;高效稳定运行;高速传输;游戏性能增强;智能兼容性;易于安装使用;节能降温设计,100060724643,8000+,100060724643
挚科24GB单条 DDR5 6000 C28 台式机内存条 暗影RGB灯条 海力士M-die原厂原印颗粒,1759.00,挚科存储京东自营旗舰店,【6000】 C28 暗影 新M-die,1000+,jfs/t1/424380/13/1173/157891/69e6e8c7F2270cd58/00833203200fa106.jpg,1000593582,台式专用;原厂原印颗粒;海力士Mdie;单面颗粒,100304613480,2000+,100304613480
爱国者16G DDR4 3200 台式机内存条 马甲条 电脑存储条扩展条 承影黑色 C16 Deepseek硬件,659.00,爱国者存储京东自营旗舰店,【D4 3200】承影 电竞散热 C16黑,5万+,jfs/t1/409931/35/18160/59762/69cb8592F9c334a39/00833203205add3e.jpg,1000002519,多任务处理;支持XMP超频;16GB大容量;3200MHz,100088917269,6万+,100088917269
闪迪 128GB数码相机存储卡 高速连拍内存卡,329.00,SanDisk闪迪京东自营旗舰店,V30 SD卡[4K高清|高端旗舰],400万+,jfs/t1/427505/12/8193/241677/69f2ee6fFe37ee8f3/008332032051e457.jpg,1000000193,15万+人已买;近7日热卖好货;100万+人浏览,1328761,400万+,1328761
金百达（KINGBANK）32GB(16GBX2)套装 DDR5 6000 台式机内存条 国产颗粒 白刃RGB灯条 C36 Deepseek硬件,2599.00,金百达京东自营旗舰店,[6000]白刃灯条国产颗粒 C36,2万+,jfs/t1/408793/37/9675/128154/69c4b16dF49191407/008332032081ca70.jpg,1000076001,原装品质;双通道设计;高频性能;稳定兼容,100133261315,5万+,100133261315
阿斯加特DDR5内存条16GB,1299.00,阿斯加特京东自营旗舰店,6000 C30 海姆达尔-黑,2万+,jfs/t20280416/421897/18/2760/157399/69e1adebF611a4644/0a02320320c76a0f.jpg,1000079883,海力士M-die;一键超频;16GB单条;黑厚甲设计;超频6000;CL30时序;XMP3.0;16GB大容量;海力士颗粒,100245017393,4万+,100245017393
爱国者32GB(16G×2)套装 DDR4 3600 台式机内存条 海力士CJR颗粒马甲条 承影黑色C18 Deepseek硬件,1599.00,爱国者存储京东自营旗舰店,【D4 3600】海力士CJR颗粒 C18黑,5万+,jfs/t1/411449/13/7174/70243/69cb8593Fc7e9d660/0083320320c0c56a.jpg,1000002519,支持XMP超;3600MHz;C18超低时序;黑色外观;流畅体验;散热马甲;兼容性强;稳定运行;大容量存储;高频率支持,100120961952,6万+,100120961952
惠普256GB TF（MicroSD）内存卡A1 U3 高速紫卡 读速100MB/s手机平板游戏无人机车记录仪存储卡,360.60,惠普存储京东自营旗舰店,TF卡-高速紫白卡,2000+,jfs/t1/415782/9/16371/2204980/69df2cf9Fe48cba7b/00838008000ba4a9.jpg,1000002252,高效存储;超10万人店内购买;高效读速,100234729747,4000+,100234729747
铭瑄（MAXSUN）32GB(16GBX2)套装 DDR4 3200 台式机内存条 W4白猎鹰系列马甲条,1199.00,铭瑄京东自营旗舰店,3200/3333MHz,1万+,jfs/t1/425766/39/11228/130279/69f06a0dFc0bbfd7c/00833203203b4868.jpg,1000094211,性价比优选;先进工艺;高频率传输;DDR4套条,100080948091,1万+,100080948091
爱国者16GB(8GBX2)套装 DDR4 3200 台式机内存条马甲条 双通道内存存储条 承影黑色C16  Deepseek硬件,699.00,爱国者存储京东自营旗舰店,【D4 3200】承影 电竞散热 C16黑,5万+,jfs/t1/413044/35/2767/69914/69cb8595F650399a3/008332032004edd4.jpg,1000002519,3200MHz;电竞畅玩不卡顿;国民好物;黑色外观;多平台兼容;稳定运行;马甲装饰;稳定C16;稳定性能;大容量存储,100089794735,6万+,100089794735
铨兴8G马甲条 DDR4 3200MHz 台式机内存条 高频大带宽 游戏多开不卡 内存条DDR4 高性价比推荐 H3200,319.00,铨兴（QUANXING）京东自营旗舰店,3200MHz 冰蓝,1000+,jfs/t1/337560/19/1230/86957/68ab69b5F6c9cb3f1/7458b78719c61195.jpg,1000470711,双平台兼容;大带宽;多任务不卡;厚散热马甲,100265788182,2000+,100265788182
光威（Gloway）16GB DDR5 5200 台式机内存条 天策 马甲条 精选颗粒 CL40 皓月白 AI电脑配件升级,1059.00,光威京东自营旗舰店,5200 C40 天策-皓月白 精选颗粒,10万+,jfs/t20280429/429493/9/2506/121057/69f30819F5c34ce25/0a02320320da93c7.jpg,1000077382,极速响应;兼容性强;精选颗粒;稳定运行,100042361189,10万+,100042361189
七彩虹（Colorful）32G(16G*2)DDR5 6000 C28 台式机内存 RGB灯条 iGame Ultra Ⅱ·系列 A-DIE 1.4V,2899.00,七彩虹京东自营旗舰店,6000 C28 iGame UltraⅡA-DIE,1000+,jfs/t1/424888/15/11327/148627/69f020c0F58df0166/0083320320838567.jpg,1000000267,RGB灯条;品质颗粒;稳定运行;炫酷电竞,100285166450,1000+,100285166450
雷克沙（Lexar）DDR5 6000 24GB单条 电竞马甲条台式内存条 CL40 Thor雷神二代马甲 黑色,1599.00,Lexar雷克沙京东自营旗舰店,6000MHz -马甲-CL40-雷神二代-黑,1000+,jfs/t1/411592/15/11955/142875/69d09531Fa4860114/0083320320d9a634.jpg,1000121323,24GB大容量;精选高品质颗粒;CL40超低时序,100334642368,2000+,100334642368
佰维（BIWIN）128GB TF(MicroSD)内存卡 C10 U3 V30 A1 MS100存储卡 读速100MB/s 适配行车记录仪/监控,129.90,佰维（BIWIN）存储京东自营旗舰店,128GB,2万+,jfs/t1/424709/7/7758/141407/69eebe4dF6bf04821/00833203203f39bf.jpg,1000476284,1千+店铺粉丝浏览;近7日热卖好货,100155946275,10万+,100155946275
光威（Gloway）32GB(16GBx2) DDR4 3200 台式机内存条 天策 马甲条 精选颗粒 CL18 皓月白 AI电脑配件升级,1159.00,光威京东自营旗舰店,3200 C18 天策-皓月白 精选颗粒,50万+,jfs/t20280429/427740/33/7845/134370/69f30819F1a9bd41f/0a023203201a6a66.jpg,1000077382,高频率传输;双通道设计;铝制马甲;精选颗粒,100022451588,100万+,100022451588
光威（Gloway）16GB DDR5 6000 台式机内存条 天策 马甲条 精选颗粒 CL46 皓月白 AI电脑配件升级,1159.00,光威京东自营旗舰店,6000 C46 天策-皓月白 精选颗粒,10万+,jfs/t20280429/418606/13/20815/121023/69f30819Fc6df1069/0a0232032053d3a3.jpg,1000077382,一键超频;CL46时序;板载PMIC;EXPO优化;单条设计;高效升级;强悍稳定;皓月白外观;超低时序;流畅运行,100106100958,10万+,100106100958
光威（Gloway）32GB(16GBx2) DDR4 3200 台式机内存条 天策 马甲条 精选颗粒  CL16 皓月白 AI电脑配件升级,1159.00,光威京东自营旗舰店,3200 C16 天策-皓月白 精选颗粒,50万+,jfs/t20280429/424702/10/18038/135293/69f30819F45299809/0a02320320646d0a.jpg,1000077382,XMP超频;CL16时序;铝制马甲,100153805682,100万+,100153805682
闪迪（SanDisk）512GB SD内存卡 V90 8K/4K U3 C10 高速相机存储卡 读速300MB/s 写速260MB/s 影院级高清拍摄,2999.00,SanDisk闪迪京东自营旗舰店,V90 SD卡[8K影院级|专业摄影],400万+,jfs/t1/422972/9/16122/242392/69f2ee75Fb608c57c/0083320320bb7b9b.jpg,1000000193,2万+店铺粉丝浏览;4千+人收藏,100073362992,400万+,100073362992
七彩虹（Colorful）16G DDR5 5600 台式机内存 普条系列 C46 openclaw兼容,1099.00,七彩虹京东自营旗舰店,5600 普条系列,2万+,jfs/t1/427075/22/5157/105351/69f01af4Fa5a7be9f/0083320320cad690.jpg,1000000267,ECC纠错;单条16GB;5600MHz;普条设计;稳定兼容;高性价比,100247518493,2万+,100247518493
铭瑄（MAXSUN）16GB DDR5 6000 台式机内存条单条 Deepseek AI硬件 XMP&EXPO 适配9850X3D,1199.00,铭瑄京东自营旗舰店,6000MHz 单条 美光颗粒,1万+,jfs/t1/422009/8/20915/117752/69f06a0bF5a9c75c3/0083320320857e49.jpg,1000094211,高效散热;电竞高频;双平台一键超频;EXPO兼容,100305957048,1万+,100305957048
光威（Gloway）16GB DDR5 5600 台式机内存条 天策 马甲条 精选颗粒 CL46 皓月白 AI电脑配件升级,1129.00,光威京东自营旗舰店,5600 C46 天策-皓月白 精选颗粒,10万+,jfs/t20280429/428107/34/7320/121160/69f3081aF03f92940/0a02320320a3a02f.jpg,1000077382,一键超频;稳定性强;板载PMIC;精选颗粒,100094504259,10万+,100094504259
铨兴8G单条 DDR4 2666MHz 台式机内存条 游戏办公流畅运行 内存条ddr4 稳定兼容 高性价比升级 u2666,319.00,铨兴（QUANXING）京东自营旗舰店,2666MHz,2000+,jfs/t1/402309/20/16705/107462/69b5d52cFa68af70a/065c320320d5fbe6.jpg,1000470711,500+人已买;2万+人浏览;4千+人加购,100200973539,3000+,100200973539
阿斯加特DDR5内存条16GB,1259.00,阿斯加特京东自营旗舰店,6000 C36 海姆达尔-黑,2万+,jfs/t20280416/417951/28/10408/157307/69e1adeaF97e6be79/0a023203207eabf3.jpg,1000079883,低延迟高频率;16GB单条;海力士A-die;16GB大容量;超频6000;低时序CL36;黑厚甲设计;海力士颗粒,100245017367,4万+,100245017367
挚科24GB单条 DDR5 6000 C28 台式机内存条 白鸽马甲条 海力士M-die原厂原印颗粒,1759.00,挚科存储京东自营旗舰店,【6000】 C28 白鸽 新M-die,1000+,jfs/t1/421657/32/11165/161810/69e6ed16Fa82a8635/0083320320cf267b.jpg,1000593582,8千+人加购;2万+人浏览;100+人已买,100304613506,2000+,100304613506
阿斯加特（Asgard）32GB(16GBx2) DDR4 3200 台式机内存条 女武神·瓦尔基里 RGB灯条 精选颗粒CL18 极地白,1359.00,阿斯加特京东自营旗舰店,3200 C18 女武神-白 精选颗粒,10万+,jfs/t20280416/417950/26/17720/152157/69e1ad62F0c4ce182/0a02320320211713.jpg,1000079883,流畅游戏;高效稳定;双通道设计;一键超频,100025375170,10万+,100025375170
阿斯加特（Asgard）16GB DDR5 6000 台式机内存条 海姆达尔 马甲条 海力士A-die CL30 黑厚甲 AI电脑配件升级,1339.00,阿斯加特京东自营旗舰店,6000 C30 海姆达尔-黑 A-die,2万+,jfs/t20280416/418259/13/15020/157334/69e1adeaF2feba982/0a023203206df7c4.jpg,1000079883,CL30时序;海力士A-die;16GB单条;低时序CL30;XMP3.0;16GB大容量;超频6000;海力士颗粒;马甲条设计,100245017369,4万+,100245017369
闪迪（SanDisk）128GB TF(MicroSD)内存卡4K极速金卡 A2 V30 U3 兼容大疆Pocket 4/Action 6运动相机 无人机存储卡,265.00,SanDisk闪迪京东自营旗舰店,红金卡-极速4K视频拍摄,500万+,jfs/t1/394142/21/10050/577118/69899d3dF52c48663/0258320320e5484d.jpg,1000000193,100万+人浏览;7千人已回购;100万+人加购,3024767,1000万+,3024767
阿斯加特女武神二代 6000 C28,2899.00,阿斯加特京东自营旗舰店,6000 C28 女武神II-极夜黑,10万+,jfs/t20280416/417938/32/16812/161049/69e1adeaF765cd296/0a023203201d5db1.jpg,1000079883,稳定可靠;一键超频;海力士颗粒;高性能体验,100114195705,10万+,100114195705
七彩虹（Colorful）32G(16G*2)DDR4 3600台式机内存条 马甲条 战斧系列·钛金灰 C18 Intel专用,1199.00,七彩虹京东自营旗舰店,【3600】战斧·Intel专用(C18),20万+,jfs/t1/422836/8/17475/139396/69f0196bFa11ffb3d/00833203206a1cc1.jpg,1000000267,高频率性能;双通道设计;稳定兼容;精选颗粒,100189404539,30万+,100189404539
光威（Gloway）24GB DDR5 6000 台式机内存条 龙武 RGB灯条 海力士M-die CL28 星空黑 AI电脑配件升级,1759.00,光威京东自营旗舰店,6000 C28 龙武-黑,5万+,jfs/t20280429/426596/39/11672/128659/69f3081aF548f120e/0a023203204ae7c0.jpg,1000077382,海力士M-die;24GB单条;CL28时序;6000MHz;DDR5平台;海力士芯;RGB灯效,100321034154,8万+,100321034154
惠普64GB TF（MicroSD）内存卡A1 U3 高速紫卡 读速100MB/s 手机平板游戏无人机车记录仪存储卡,109.00,惠普存储京东自营旗舰店,TF卡-高速紫白卡,2000+,jfs/t1/416819/3/17564/2187841/69df2cf7F0d2ac395/00838008000da7c9.jpg,1000002252,超30万人关注店铺;超10万人店内购买,100322088114,4000+,100322088114
阿斯加特（Asgard）24GB DDR5 6000 台式机内存条 海姆达尔 马甲条 镁光颗粒 CL40 黑厚甲 AI电脑配件升级,1439.00,阿斯加特京东自营旗舰店,6000 C40 海姆达尔-黑 镁光颗粒,2万+,jfs/t20280416/416972/39/15301/156204/69e1adeaF8decb77a/0a02320320ca577b.jpg,1000079883,一键超频;24GB单条;黑厚甲设计;海姆达尔系列;24GB大容量;低时序CL40;镁光颗粒,100326946954,4万+,100326946954
金百达（KINGBANK）32GB(16GBX2)套装 DDR5 6000 台式机内存条海力士A-die颗粒 星刃白 C28 Deepseek硬件,2779.00,金百达京东自营旗舰店,[D5 6000]星刃白海力士A-die C28,20万+,jfs/t1/408189/9/10808/121564/69c4b266F71b9f65f/00833203203fe80d.jpg,1000076001,双通道性能;高频性能;海力士A-die;高效能稳定性,100127255588,20万+,100127255588
光威（Gloway）32GB(16GBX2) DDR4 3200 台式机内存条 天策 马甲条 精选颗粒 CL18 星空黑 AI电脑配件升级,1159.00,光威京东自营旗舰店,3200 C18 天策-星空黑 精选颗粒,50万+,jfs/t20280429/429786/21/853/154630/69f30819F1dfb488f/0a0232032048400a.jpg,1000077382,一键超频;铝制马甲;精选颗粒;双通道设计,100201645465,100万+,100201645465
铨兴8G单条 DDR4 3200MHz 笔记本内存条 学生办公升级 内存条ddr4 稳定兼容 高性价比选择 s3200,359.00,铨兴（QUANXING）京东自营旗舰店,3200MHz,1000+,jfs/t20280419/422841/31/4966/146051/69e59c9eFb7693e3e/0a023203202a9f25.jpg,1000470711,多开丝滑;多系统兼容;2千+人加购;高性价比,100204225005,1000+,100204225005
阿斯加特（Asgard）16GB DDR5 6000 台式机内存条 海姆达尔 马甲条 海力士A-die CL28 黑厚甲 AI电脑配件升级,1399.00,阿斯加特京东自营旗舰店,6000 C28 海姆达尔-黑,2万+,jfs/t20280416/418027/25/15817/157283/69e1adeaFc628159a/0a023203209ab9c5.jpg,1000079883,一键超频;海力士A-die;CL28超低时序;XMP3.0;黑厚甲设计;16GB大容量;超频6000;低时序CL28;海力士颗粒,100245017355,4万+,100245017355
铭瑄（MAXSUN）16GB DDR5 6400 台式机内存条单条 Deepseek硬件XMP&EXPO 助力AI电脑配件,1229.00,铭瑄京东自营旗舰店,6400MHz 单条 美光颗粒,1万+,jfs/t1/427224/2/4724/118066/69f06a0aFf19fde7f/0083320320cafc98.jpg,1000094211,高效散热;EXPO优化;双平台一键超频;电竞高频,100305957046,1万+,100305957046
阿斯加特（Asgard）16GB DDR5 6000 台式机内存条 女武神·瓦尔基里II代 RGB灯条 海力士A-die CL28 极夜黑 AI电脑,1459.00,阿斯加特京东自营旗舰店,6000 C28 女武神II-极夜黑,10万+,jfs/t20280416/419381/36/11477/144782/69e1adeaFa7eb3f15/0a02320320b34779.jpg,1000079883,一键超频;海力士A-die;CL28超低时序;海力士芯;RGB灯效;6000MHz;DDR5规;炫彩灯条,100326961616,10万+,100326961616
金百达（KINGBANK）32GB(16GBX2)套装 DDR5 6000 台式机内存条海力士A-die颗粒 银爵 C30 Deepseek硬件,2649.00,金百达京东自营旗舰店,【D5 6000】银爵海力士A-die C30,20万+,jfs/t1/410143/10/3572/143941/69c4b224F871e886c/008332032028d3dc.jpg,1000076001,C30时序;金属散热;极速响应;银爵外观,100046688837,20万+,100046688837
光威（Gloway）32GB DDR4 3200 台式机内存条 天策 马甲条 精选颗粒 CL22 皓月白 AI电脑配件升级,1359.00,光威京东自营旗舰店,3200 C22 天策-皓月白 精选颗粒,50万+,jfs/t20280429/425179/34/11233/120360/69f30819F007e5237/0a02320320a8fc91.jpg,1000077382,CL22时序;升级优选;单条设计;铝制散热;低时序CL22;大容量32GB;皓月白色;高频率3200;精选颗粒,100149659220,100万+,100149659220
金百达（KINGBANK）32GB(16GBX2)套装 DDR5 6400 台式机内存条海力士M-die颗粒 银爵 C32 Deepseek硬件,2699.00,金百达京东自营旗舰店,【6400】银爵海力士M-die C32,10万+,jfs/t1/408210/15/8736/143866/69c4b04aF42e82493/0083320320e24c49.jpg,1000076001,炫酷电竞;稳定运行;高效散热,100082654615,10万+,100082654615
铭瑄（MAXSUN）16GB DDR5 6000 台式机内存条单条 暗耀系列  海力士A-die颗粒 CL28【部分兼容】,1399.00,铭瑄京东自营旗舰店,6000MHz 海力士A-die CL28 双面,500+,jfs/t1/426558/25/8083/118244/69f06a0bF2528cd0a/0083320320b93cea.jpg,1000094211,稳定运行;性能优异;品质颗粒,100331360292,1000+,100331360292
光威（Gloway）32GB(16GBx2)  DDR4 3600 台式机内存条 天策 马甲条 精选颗粒 CL18 星空黑 AI电脑配件升级,1369.00,光威京东自营旗舰店,3600 C18 天策-星空黑 精选颗粒,50万+,jfs/t20280429/420809/36/17506/154961/69f3081aF686e7aba/0a023203200c1eb4.jpg,1000077382,马甲设计;精选颗粒;稳定运行;CL18时序,100284843082,100万+,100284843082
阿斯加特（Asgard）16GB DDR5 6000 台式机内存条 女武神·瓦尔基里II代 RGB灯条 三星颗粒 CL38极夜黑 AI电脑配件,1299.00,阿斯加特京东自营旗舰店,6000 C38 女武神II-黑 三星颗粒,10万+,jfs/t20280416/417250/38/19475/143158/69e1adebFce7d0444/0a02320320907a30.jpg,1000079883,CL38超低时序;三星颗粒;一键超频,100326961600,10万+,100326961600
七彩虹（Colorful）32G(16G*2) DDR5 6000 台式机内存条 马甲条 C36 三星颗粒 战斧系列·皓月白 openclaw兼容,2459.00,七彩虹京东自营旗舰店,6000 C36 战斧·皓月白 三星颗粒,2万+,jfs/t1/426071/26/8814/150659/69f01c4aF841d4c5a/008332032080098d.jpg,1000000267,,100161669943,2万+,100161669943
阿斯加特（Asgard）32GB(16GBx2) DDR5 6000 台式机内存条 海姆达尔 马甲条 海力士A-die CL36 黑厚甲 AI电脑配件升级,2499.00,阿斯加特京东自营旗舰店,6000 C36 海姆达尔-黑,2万+,jfs/t20280416/420976/35/6748/168433/69e1adeaF3c90964b/0a023203208c6b10.jpg,1000079883,一键超频;高性能体验;海力士颗粒,100211362875,4万+,100211362875
阿斯加特（Asgard）24GB DDR5 6000 台式机内存条 女武神·瓦尔基里II代 RGB灯条 海力士M-die CL28 极地白 AI电脑,1859.00,阿斯加特京东自营旗舰店,6000 C28 女武神II-极地白,10万+,jfs/t20280416/419670/3/11371/143322/69e1adeaFc2fbba41/0a0232032061047d.jpg,1000079883,一键超频;6000MT/s;24GB单条,100329864220,10万+,100329864220
金士顿（Kingston）FURY 16GB DDR5 5600 台式机内存条 Beast野兽系列 骇客神条,1649.00,金士顿京东自营旗舰店,5600 野兽 电竞游戏款,5万+,jfs/t1/101424/27/33249/63122/6342642aE3da5be35/977faa2d0ef8de16.jpg,1000000192,品质可靠;严选颗粒,100030664770,10万+,100030664770
金士顿（Kingston）FURY 16GB DDR5 6000 台式机内存条 Beast 野兽 支持XMP&EXPO C36 白色款,1699.00,金士顿京东自营旗舰店,6000 XMP&EXPO 白,5万+,jfs/t1/194925/18/48915/90036/670caa21Fe00cb9d1/19f08791b4642171.jpg,1000000192,C36低时序;支持EXPO;稳定兼容,100122780433,7万+,100122780433
光威（Gloway）32GB(16GBx2) DDR4 3600 台式机内存条 天策 马甲条 海力士CJR CL18 皓月白 AI电脑配件升级,1399.00,光威京东自营旗舰店,3600 C18 天策-皓月白,50万+,jfs/t20280429/426561/9/10990/135566/69f30819Fb0b8b777/0a023203205a7a19.jpg,1000077382,CJR颗粒;CL18时序;一键超频,100045209664,100万+,100045209664
挚科16GB单条 DDR5 6000 C28 台式机内存条 白鸽马甲条 海力士M-die原厂原印颗粒,1549.00,挚科存储京东自营旗舰店,【6000】 C28 白鸽 M-die,1000+,jfs/t1/414658/35/22184/161955/69e6dbd7F1833e1de/008332032095caf9.jpg,1000593582,9千+人加购;单面颗粒;超1万人关注店铺,100228265601,2000+,100228265601
阿斯加特（Asgard）16GB DDR5 5600 台式机内存条 海拉 马甲条 精选颗粒 CL46 极夜黑 AI电脑配件升级,1099.00,阿斯加特京东自营旗舰店,5600 C46 海拉-极夜黑 精选颗粒,1000+,jfs/t20280416/421231/4/5520/135922/69e1ad62F007a7987/0a02320320b36f54.jpg,1000079883,超低时序;精选颗粒;一键超频,100232343489,1000+,100232343489
威刚（ADATA）16GB DDR5 5600 台式机内存条 万紫千红,1304.10,威刚京东自营旗舰店,【万紫千红 DDR5 5600】,1万+,jfs/t1/407890/4/11317/278739/69c36f73Fbed2c73c/0083320320c5eda9.jpg,1000000714,高性能游戏;防伪验证;生命周期内保固,100039823341,1万+,100039823341
阿斯加特（Asgard）32GB(16GBx2) DDR5 6000 台式机内存条 海姆达尔 马甲条 海力士A-die CL28 黑厚甲 AI电脑配件升级,2799.00,阿斯加特京东自营旗舰店,6000 C28 海姆达尔-黑,2万+,jfs/t20280416/418345/38/16588/168407/69e1adeaFf83f8e69/0a02320320158be6.jpg,1000079883,A-die颗粒;一键超频;高性能体验,100195633748,4万+,100195633748
GEIL金邦 32GB(16GBx2)套装 DDR5 6000 台式机电脑内存条 摇光RGB灯条系列金属灰C36,2499.00,GEIL存储京东自营旗舰店,[6000]摇光灯条-灰 CL36,1000+,jfs/t1/389013/32/9886/92226/69747e84Fd4f69664/00833203200b12af.jpg,1000443886,钻石棱彩;c36低时序,100240773857,2000+,100240773857
光威（Gloway）32GB DDR4 3200 台式机内存条 天策 马甲条 精选颗粒 CL18 皓月白 AI电脑配件升级,1399.00,光威京东自营旗舰店,3200 C18 天策-皓月白 精选颗粒,50万+,jfs/t20280429/427791/1/7702/121049/69f30819Fd89b12dc/0a0232032031a057.jpg,1000077382,精选颗粒;CL18时序;CL19时序,100025295848,100万+,100025295848
光威（Gloway）32GB(16GBx2) DDR5 6800 台式机内存条 神武 RGB灯条 海力士A-die CL34 太空灰 AI电脑配件升级,2499.00,光威京东自营旗舰店,6800 C34 神武-灰,5万+,jfs/t20280429/426152/6/9538/126262/69f30819Fb6618d4f/0a023203205e7f3d.jpg,1000077382,A-die颗粒;CL34时序;RGB灯效同步,100068836644,8万+,100068836644
闪迪（SanDisk）1TB TF(MicroSD)内存卡4K极速金卡 A2 V30 U3 兼容大疆Pocket 4/Action 6运动相机 无人机存储卡,1399.00,SanDisk闪迪京东自营旗舰店,红金卡-极速4K视频拍摄,500万+,jfs/t1/357907/4/15599/608403/6923d001F376660a7/f196d730fc914a0f.png,1000000193,近30日人气商品;8千+人收藏;55万+人浏览,100011409952,1000万+,100011409952
阿斯加特（Asgard）16GB DDR5 6000 台式机内存条 女武神·瓦尔基里II代 RGB灯条 三星颗粒 CL38 极地白 AI电脑配件,1299.00,阿斯加特京东自营旗舰店,6000 C38 女武神II-白 三星颗粒,10万+,jfs/t20280416/422426/7/655/141370/69e1adebFdb93f42b/0a023203208485c5.jpg,1000079883,炫酷电竞;性能优异;品质颗粒,100326961572,10万+,100326961572
金士顿（Kingston）FURY 16GB DDR5 6000 台式机内存条 Beast 超级野兽系列 海力士颗粒 CL30 支持XMP&EXPO,1749.00,金士顿京东自营旗舰店,6000 海力士颗粒 XMP&EXPO 黑,5万+,jfs/t1/407823/12/11464/115369/69c4c920Fcde0bc4c/0083320320522cc8.jpg,1000000192,海力士颗粒;C30低时序;稳定兼容,100168150581,7万+,100168150581
酷芯客16GB(8G×2)套装 DDR4 3600 台式机内存条刀客 精选颗粒 C18 霜月白,849.00,酷芯客京东自营旗舰店,【3600 C18】刀客-白 精选颗粒,1000+,jfs/t1/410611/16/19926/81418/69cf1f8aF682baab4/00833203202ab9f6.jpg,1033817106,1万+人浏览;CL18时序;6千+人加购,100276145442,3000+,100276145442
美商海盗船 (USCORSAIR) 32GB(16G×2)套装 DDR4 3600 台式机内存条 复仇者LPX 游戏条 C18,1499.00,美商海盗船京东自营旗舰店,【D4 3600】黑色,50万+,jfs/t1/408092/33/9723/241566/69c348ceF8e925399/0083320320af3ee2.jpg,1000000697,严选颗粒;高效散热;XMP超频,100005420561,70万+,100005420561
七彩虹（Colorful）（Colorful）七彩虹(Colorful)16G DDR5 6000 台式机内存条 马甲条 战斧系列·钛金灰 C38,1199.00,七彩虹京东自营旗舰店,6000 C38 战斧·钛金灰 精选颗粒,2万+,jfs/t1/422562/17/20302/137464/69f01ca0F01bdcca2/0083320320db077c.jpg,1000000267,炫酷电竞;性能优异;品质颗粒,100332848756,2万+,100332848756
铨兴DDR5 5600MHz 台式机内存条 32G 马甲条 支持XMP超频 兼容英特尔AMD 游戏办公电脑内存,2099.00,铨兴（QUANXING）京东自营旗舰店,5600MHz,200+,jfs/t1/407741/17/5601/99094/69c0e9bfFb162bf0b/0083320320e40527.jpg,1000470711,,100316855264,400+,100316855264
阿斯加特（Asgard）32GB(16GBx2) DDR5 6400 台式机内存条 海姆达尔 马甲条 海力士M-die CL32 黑厚甲,2599.00,阿斯加特京东自营旗舰店,6400 C32 海姆达尔-黑,2万+,jfs/t20280423/420727/24/21800/167710/69eb3c22F3228b405/0a02320320225b11.jpg,1000079883,2000+种草;超高规格;海力士颗粒,100210962020,4万+,100210962020
光威（Gloway）32GB(16GBx2) DDR5 6400 台式机内存条 神武 RGB灯条 海力士M-die CL32 太空灰 AI电脑配件升级,2599.00,光威京东自营旗舰店,6400 C32 神武-灰 海力士M-die,5万+,jfs/t20280429/426152/18/9520/126225/69f30819F830c1558/0a02320320ff26d6.jpg,1000077382,M-die颗粒;CL32时序;RGB灯效同步,100077568688,8万+,100077568688
宏碁掠夺者（PREDATOR）48G(24G×2)套装 DDR5 6000频率 台式机内存条 Hermes冰刃系列 RGB灯条(C28) 白色 AI电脑配件,3599.00,宏碁掠夺者（PREDATOR）存储京东自营旗舰店,6000MHz C28冰刃-白,5万+,jfs/t1/426307/13/6730/125215/69ef2619Fb94ae691/0083320320423832.jpg,1000364368,高频性能;稳定兼容,100197058538,10万+,100197058538
惠普32GB TF（MicroSD）内存卡 U1 C10 高速蓝卡 读速100MB/s 行车记录仪 运动相机无人机 监控存储卡,74.90,惠普存储京东自营旗舰店,行车记录仪&安防监控专用,2000+,jfs/t1/415319/16/20550/214081/69df59fbFbdf5eed5/00833203207c13e0.jpg,1000002252,超10万人店内购买;广泛兼容;高速性能,100313236266,4000+,100313236266
阿斯加特（Asgard）24GB DDR5 6000 台式机内存条 海拉 马甲条 精选颗粒 CL42 极夜黑 AI电脑配件升级,1409.00,阿斯加特京东自营旗舰店,6000 C42 海拉-极夜黑 精选颗粒,1000+,jfs/t20280416/421555/23/4640/136297/69e1ad63F5b3a8d41/0a023203200100ed.jpg,1000079883,精选颗粒;超低时序;一键超频,100232343515,1000+,100232343515
七彩虹（Colorful）32G(16G*2) DDR5 6800 台式机内存条 马甲条 C38 三星颗粒 战斧系列·皓月白 openclaw兼容,2469.00,七彩虹京东自营旗舰店,6800 C38 战斧·皓月白 三星颗粒,2万+,jfs/t1/425178/4/12150/149938/69f01c57Fa0d36990/008332032047d804.jpg,1000000267,,100206844092,2万+,100206844092
GEIL金邦 32G DDR5-4800  台式机电脑内存条 千禧系列 低电压  品牌电脑扩展存储条,2099.00,GEIL存储京东自营旗舰店,千禧系列基础版【DDR5 4800】,1000+,jfs/t1/400550/20/14765/76922/69ae607dFe8d60250/00833203205e4ed5.jpg,1000443886,电脑升级优选;低电压,100329216718,2000+,100329216718
闪昇256GB TF（MicroSD）内存卡 A2 U3 V30 4K至尊K8紫卡高速存储卡运动相机无人机读速180MB/s游戏机,539.90,闪昇存储京东自营旗舰店,256GB,66,jfs/t1/423066/10/2482/143296/69e4cd00F7eec8a03/0083320320961246.jpg,1000591188,超1万人店内购买;店铺被1万人种草,100343809020,100+,100343809020
GEIL金邦32GB(16GBx2)套装 DDR5-6000 台式机电脑内存条 巨蟹马甲条系列升级灰色C36,2399.00,GEIL存储京东自营旗舰店,[6000]巨蟹-金属灰 CL36时序,1000+,jfs/t1/385569/2/20746/102810/697c4c19Fc9fb011e/0083320320a66ca2.jpg,1000443886,,100224822823,2000+,100224822823
金士顿（Kingston）FURY 32GB(16G×2)套装 DDR5 6000 台式机内存条 Beast 海力士颗粒 CL30 支持XMP&EXPO,3499.00,金士顿京东自营旗舰店,6000 海力士颗粒 XMP&EXPO 黑,5万+,jfs/t1/409132/30/8103/125240/69c4c91fF730f08be/0083320320c1248f.jpg,1000000192,品质可靠;严选颗粒,100200806668,7万+,100200806668
光威（Gloway）32GB(16GBx2) DDR5 6000 台式机内存条 龙武 马甲条 海力士A-die CL28 深空银 AI电脑配件升级,2759.00,光威京东自营旗舰店,6000 C28 龙武-银 海力士A-die,10万+,jfs/t20280429/427172/32/8661/170588/69f30819Fed703c16/0a02320320cdd7be.jpg,1000077382,A-die颗粒;CL28时序;一键超频,100115104093,10万+,100115104093
英睿达（crucial）32GB（16GB×2）DDR5 6000 台式机内存条 Pro系列 美光（原镁光）原厂颗粒 CL36超频 AI电脑配件,2799.00,英睿达京东自营旗舰店,「D5 6000」Pro超频马甲/黑CL36,5万+,jfs/t1/423971/29/21839/107192/69f32184Fc5bd554e/0083320320d40da2.jpg,1000000678,15万+人加购;5千+人收藏;85万+人浏览,100098621030,9万+,100098621030
光威（Gloway）16GB DDR5 6000 台式机内存条 神武 RGB灯条 海力士M-die CL30 太空灰 AI电脑配件升级,1329.00,光威京东自营旗舰店,6000 C30 神武-灰 M-die,5万+,jfs/t20280429/424404/36/19185/117301/69f3081aFe3c5f361/0a0232032064d401.jpg,1000077382,海力士M-die;CL30时序;16GB单条,100321136992,8万+,100321136992
金士顿（Kingston）FURY 16GB DDR5 6800 台式机内存条 Beast 超级野兽系列 海力士颗粒 CL34 支持XMP&EXPO 白色款,1849.00,金士顿京东自营旗舰店,,38,jfs/t1/343574/39/12482/92008/68ee07d7F6cafacc5/3916b042fc87d309.jpg,1000000192,,100213022957,,100213022957
奔跑者（Runner）16GB DDR5 5600 台式机内存条 灵跃 电竞马甲条 CL46 钛晶灰,999.00,奔跑者（RUNNER）京东自营旗舰店,灵跃【D5 5600】 灰色,100+,jfs/t1/419482/23/19033/97278/69e727feF88bc5a6b/0083320320867484.jpg,1032303420,,100237446045,300+,100237446045
戴尔DELL服务器工作站内存条【自营】企业级可咨询ddr5/4800/640064g实发【64GB DDR4 2666 RECC】盒装,4559.40,戴尔服务器工作站京东自营专卖店,【64GB DDR4 2666 RECC】盒装,5000+,jfs/t1/399963/28/7688/100838/69a8ef11F1285de69/00833203209559da.png,1000474305,京东自营;正品好物;近7日人气商品,100136139254,3000+,100136139254
酷芯客（KORX）32GB(16G×2)套装 DDR4 3200 台式机内存条 刀客 C18 霜月白,1299.00,酷芯客京东自营旗舰店,【3200 C18】刀客-白 精选颗粒,1000+,jfs/t1/403513/2/11843/78452/69b7789eF8e33d238/0083320320e549da.jpg,1033817106,XMP2.0;CL18时序;以换代修,100276145430,3000+,100276145430
阿斯加特（Asgard）16GB DDR5 6000 台式机内存条 海姆达尔 马甲条 镁光颗粒 CL38 黑厚甲 AI电脑配件升级,1199.00,阿斯加特京东自营旗舰店,6000 C38 海姆达尔-黑 镁光颗粒,2万+,jfs/t20280416/419220/36/12578/156220/69e1adeaFb6bf844e/0a02320320d00664.jpg,1000079883,16GB单条; 镁光颗粒;一键超频,100326946938,4万+,100326946938
JUHOR玖合 16GB(8GBx2)套装 DDR4 3200 台式机内存条 星舞系列 海力士颗粒 CL16,719.00,JUHOR京东自营旗舰店,【D4 3200】星舞 海力士颗粒C16,5万+,jfs/t1/425451/32/7838/194103/69f05c99F107f27bf/008332032068e5ee.jpg,1000390862,海力士颗粒;C16超低时序;二次元原创IP,100059119434,6万+,100059119434
JUHOR玖合 16GB DDR4 3200 台式机内存条 星舞系列 海力士颗粒 CL16,679.00,JUHOR京东自营旗舰店,【D4 3200】星舞 海力士颗粒C16,5万+,jfs/t1/429003/29/788/173657/69f05c99F017c9717/008332032016e158.jpg,1000390862,,100247786745,6万+,100247786745
JUHOR玖合 8GB DDR4 3200 台式机内存条 星舞系列 海力士颗粒 CL16,359.00,JUHOR京东自营旗舰店,【D4 3200】星舞 海力士颗粒C16,5万+,jfs/t1/428000/23/3368/174024/69f05c9aFbf1650bc/0083320320fa63ef.jpg,1000390862,,100330638784,6万+,100330638784
阿斯加特（Asgard）16GB DDR5 6000 台式机内存条 女武神·瓦尔基里II代 RGB灯条 海力士M-die CL30 极地白 AI电脑,1429.00,阿斯加特京东自营旗舰店,6000 C30 女武神II-极地白,10万+,jfs/t20280416/417211/1/19639/143364/69e1adeaFe0d82436/0a02320320f3f9c7.jpg,1000079883,海力士M-die;16GB内存;高性能体验,100248267481,10万+,100248267481
酷芯客（KORX）32GB(16G×2)套装 DDR4 3600 台式机内存条刀客 精选颗粒 C18 霜月白,1559.00,酷芯客京东自营旗舰店,【3600 C18】刀客-白 精选颗粒,1000+,jfs/t1/410988/16/16726/81706/69cf1f85F14a90687/0083320320b90213.jpg,1033817106,100+人收藏;一键超频;1万+人加购,100207882253,3000+,100207882253
金百达（KINGBANK）32GB(16GBX2)套装 DDR5 6000 台式机内存条海力士A-die颗粒 黑刃RGB灯条 C28 Deepseek硬件,2799.00,金百达京东自营旗舰店,[6000]黑刃灯条海力士A-die C28,20万+,jfs/t1/409011/12/7902/152691/69c4b2caF5e8dc38a/0083320320a9b7df.jpg,1000076001,神光同步;A-die颗粒;海力士C28,100048270803,20万+,100048270803
GEIL金邦 16GB DDR5 5600 台式机电脑内存条 巨蟹马甲条系列金属灰C40 电脑存储扩展条,1099.00,GEIL存储京东自营旗舰店,[5600]巨蟹-金属灰  C40,1000+,jfs/t1/400082/5/1145/87096/69a003deF113f7df4/0083320320ab5d66.jpg,1000443886,电脑升级优选;高效散热,100244658391,2000+,100244658391
光威（Gloway）48GB(24GBX2) DDR5 6000 台式机内存条 天策 马甲条 三星颗粒 CL42 皓月白 AI电脑配件升级,2899.00,光威京东自营旗舰店,6000 C42 天策-皓月白 三星颗粒,10万+,jfs/t20280429/423827/26/20826/134125/69f30819F1e92c082/0a023203205d266f.jpg,1000077382,三星颗粒;CL42时序;一键超频,100198149331,10万+,100198149331
