搜索字段,商品名称,价格,店铺名称,颜色,评论数,图片,店铺ID,卖点,skuId,总销量,商品ID
风冷散热器 4热管 自营,零度世家UT75下压式CPU风冷散热器 热管直触 适用LGA1200/LGA1700/AM4/AM5 ITX机箱高度77mm 八热管 黑色,169.00,京东免税会员购自营专区,八热管 黑色,14,jfs/t1/382027/38/2780/84324/69450275F78d38955/96d7a569472e4757.jpg,1000651007,超薄散热;设计精巧;下压式;性能风扇,100310740014,,100310740014
风冷散热器 4热管 自营,利民（thermalright）Assassin X 120 Refined SE 风冷散热器 AGHP逆重力四热管支持 12CM风扇 AX120 R SE,68.40,利民Thermalright京东自营旗舰店,AX120R SE 青春版,50万+,jfs/t1/141296/15/47077/70147/6720337cF06d3a6b4/7033e308273480ee.jpg,1000099731,逆重力设计;热管直触;阳极喷砂黑顶盖;高效散热,100014366815,60万+,100014366815
风冷散热器 4热管 自营,九州风神（DEEPCOOL）玄冰400性能版黑色CPU风冷散热器/升级塔体/创新聚风环风扇/热管偏置不挡内存/多平台支持,79.00,九州风神 京东自营旗舰店,玄冰400性能版-全新升级,100万+,jfs/t1/413127/29/942/103173/69cb2b35F3c867be3/0083320320390509.jpg,1000000461,兼容AM4;不挡内存;热管偏置;聚风环扇;升级塔体,100239607703,100万+,100239607703
风冷散热器 4热管 自营,乔思伯（JONSBO）CR-1400E彩色版 CPU风冷散热器(4热管/七彩光效/PWM风扇/127mm/多平台/附硅脂),55.00,乔思伯京东自营旗舰店,CR-1400E彩色版丨四热管,20万+,jfs/t1/406917/38/18202/104195/69c3a34aF7143fd3a/0083320320d649af.jpg,1000007266,127mm高效;PWM风扇;多平台兼容;简易扣具安装,100078462948,20万+,100078462948
风冷散热器 4热管 自营,超频3（PCCOOLER）红海H4炫彩 白色CPU风冷散热器（4热管/PWM风扇/顶盖发光/支持12/13代1700/AM4/AM5/133mm高度）,69.00,超频三京东自营旗舰店,红海H4 炫彩版白色,2万+,jfs/t1/227217/38/21715/99864/6674e5faF6d12f723/ca7ba5b20bae5ee6.jpg,1000000670,2千+店铺粉丝浏览;4热管;5万+人浏览,100079826274,3万+,100079826274
风冷散热器 4热管 自营,大水牛（BUBALUS）T48 4热管CPU风冷散热器（支持i系多平台/9CM风扇/附带硅脂/锁具式/支持LGA115x/1700） ,44.90,大水牛京东自营旗舰店,T48(4热管/intel1700/9CM),5万+,jfs/t1/179798/29/30393/102709/63747d8eE14d29533/410a90d2fccc3d7b.jpg,1000000707,附带硅脂;高品质风扇;高效散热;支持1700,100048145129,9万+,100048145129
风冷散热器 4热管 自营,瓦尔基里AQ125 ARGB BLACK VK CPU风冷散热器  逆重力四热管直触 12CM风扇 支持LGA1700 AM5,79.00,瓦尔基里（VALKYRIE）京东自营旗舰店,AQ125 ARGB BLACK,1万+,jfs/t1/292565/21/7499/59507/682865dbF065cf26f/ca1876642de37f8c.jpg,1000421158,AM5支持;四热管直触;支持AM5;逆重力设计;炫彩灯光;12CM大风扇;ARGB灯效,100176831119,1万+,100176831119
风冷散热器 4热管 自营,瓦尔基里（VALKYRIE）AL125 WHITE VK CPU风冷散热器 4热管 1.54吋LCD 支持LGA1700 AM5 ARGB光效 ,159.00,瓦尔基里（VALKYRIE）京东自营旗舰店,AL125 WHITE,2万+,jfs/t1/310723/25/11193/63413/68558316Ffedce940/80c4005fe7fab22b.jpg,1000421158,全平台扣具;LCD显示屏;全铜四热管镀镍;兼容多平台;高效散热;创新散热方案;高性能冷却;ARGB光效;兼容AM5;静音运行,100127602896,3万+,100127602896
风冷散热器 4热管 自营,利民（thermalright）Assassin Spirit 120 V2 PLUS 刺灵 CPU风冷散热器 AGHP逆重力四热管 双风扇 AS120 V2 PLUS,86.00,利民Thermalright京东自营旗舰店,AS120 V2 PLUS(4热管 双风扇）,10万+,jfs/t1/119777/27/49159/97420/67202fc7F3511511d/4eea86c1b167182b.jpg,1000099731,纯铜镀镍热管;双平台金属扣具;双风扇升级版;支持十五代;兼容广泛;双风扇驱动;逆重力设计;支持多平台;稳压性能;逆重力布局,100006880794,10万+,100006880794
风冷散热器 4热管 自营,瓦尔基里(VALKYRIE）AQ125 BLACK VK CPU风冷散热器  逆重力四热管直触 12CM风扇 支持LGA1700 AM5,72.00,瓦尔基里（VALKYRIE）京东自营旗舰店,AQ125 BLACK,1万+,jfs/t1/290470/2/7420/55524/68286103F6c3d6fa6/d3c0e4c285f136fe.jpg,1000421158,四热管散热;12CM大风扇;一体式顶盖设计;兼容AM5,100229576860,1万+,100229576860
风冷散热器 4热管 自营,ID-COOLING（酷凛）下压式CPU风冷散热器  4热管直触  适用LGA1200/LGA1700/AM4/5 ITX机箱 NAS IS-40X V3,99.90,酷凛（ID-COOLING）京东自营旗舰店,IS-40X V3,2万+,jfs/t1/85494/2/46059/59269/665d3bc0F55f6fc71/9d8b3dc1d1dc9ab4.jpg,1000006124,45MM高;9CM风扇;45MM高度;高颜值;静音运行;可装NAS;兼容广泛;小钢炮;高效散热;简约轻薄,100051262376,3万+,100051262376
风冷散热器 4热管 自营,超频3（PCCOOLER）红海H4黑色 CPU风冷散热器（4热管/PWM风扇/支持12/13代1700/AM4/AM5/133mm高度）,69.00,超频三京东自营旗舰店,红海H4 黑色无光,2万+,jfs/t1/217558/8/43690/86285/6674e653F82188d4f/17da7859224a928f.jpg,1000000670,加固型散热片;静音运行;PWM风扇;优质散热,100077006325,3万+,100077006325
风冷散热器 4热管 自营,零度世家TE75 下压式CPU风冷散热器 热管直触 神光同步适用LGA1200 /AM4 ITX机箱高度75mm 八热管 ARGB版白,151.00,京东免税会员购自营专区,八热管 ARGB版 白色,6,jfs/t1/403525/36/18753/217460/69bcb69cFfc1fded0/0083320320464c5b.jpg,1000651007,高效散热;多平台兼容设计;设计精巧;八热管,100310739958,,100310739958
风冷散热器 4热管 自营,利民（thermalright）Assassin X 120 Refined SE ARGB 风冷散热器 AGHP逆重力4热管 附带硅脂 AX120 R SE ARGB,87.90,利民Thermalright京东自营旗舰店,AX120R SE 青春ARGB版,50万+,jfs/t1/219531/24/45765/73271/6720335dFafe1678d/ed882adff197adfb.jpg,1000099731,穿片工艺;四热管设计;逆重力技术;视觉效果佳,100026951608,60万+,100026951608
风冷散热器 4热管 自营,ID-COOLING （酷凛）下压式CPU风冷散热器 4热管 铜底 适用LGA1200/LGA1700/AM4/5 ITX机箱 NAS IS-47-XT V2,159.00,酷凛（ID-COOLING）京东自营旗舰店,IS-47-XT V2,2万+,jfs/t1/299555/3/19445/60142/68623be9F0856b223/7f2ac8898a6cfb0b.jpg,1000006124,4热管;隐藏铜管;镀镍铜底;多平台支持;4热管设计;铜底导热;回流焊工艺;兼容多接口;适用ITX,100191203931,3万+,100191203931
风冷散热器 4热管 自营,瓦尔基里AQ125 ARGB WHITE VK CPU风冷散热器 逆重力四热管直触 12CM风扇 支持LGA1700 AM5,109.00,瓦尔基里（VALKYRIE）京东自营旗舰店,AQ125 ARGB WHITE,1万+,jfs/t1/291387/12/6193/51292/6828680fF259f380f/9f343f78812a9376.jpg,1000421158,支持AM5;AM5支持;兼容AM5;12CM大风扇;ARGB灯效;四热管直触,100229576880,1万+,100229576880
风冷散热器 4热管 自营,零度世家TE37 下压式CPU风冷散热器 热管直触 适用LGA1200/LGA1700/AM4/AM5 ITX机箱高度37mm 四热管 白色,75.90,京东免税会员购自营专区,白色,20,jfs/t1/406334/24/1204/71436/69bb5acbFceba989e/00833203201760e0.jpg,1000651007,热管直触工艺;多平台兼容设计,100310740012,,100310740012
风冷散热器 4热管 自营,瓦尔基里（VALKYRIE）AL125 BLACK VK CPU风冷散热器 4热管 1.54吋LCD 支持LGA1700 AM5 ARGB光效 ,149.00,瓦尔基里（VALKYRIE）京东自营旗舰店,AL125 BLACK,2万+,jfs/t1/309564/1/11366/72380/68558304Fd6bed716/f0f4e572ba37f617.jpg,1000421158,高性能散热器;高性能风扇;LCD屏幕风冷;四热管设计;兼容多平台;1.54寸LCD;炫彩灯效;ARGB光效;科技感十足;4热管设计,100108855501,3万+,100108855501
风冷散热器 4热管 自营,ID-COOLING（酷凛）IS-53-XT BLACK 下压式CPU风冷散热器 4热管 铜底 适用LGA1200/LGA1700/AM4/5 ITX机箱  ,169.00,酷凛（ID-COOLING）京东自营旗舰店,IS-53-XT BLACK【4热管+53MM高】,2万+,jfs/t1/301911/27/10619/61999/68392ae2F0821305c/40595d60dc47c2b2.jpg,1000006124,53MM高度;隐藏铜管设计;镀镍铜底;兼容多平台;黑色外观;有线连接;下压式散热;铜底导热;4热管设计;ITX适配,100214160084,3万+,100214160084
风冷散热器 4热管 自营,利民（thermalright）Frost Spirit 140 霜灵 风冷散热器AGHP四热管双塔全电镀回流焊 支持多平台S-FDB轴承FS140,254.00,利民Thermalright京东自营旗舰店,FS140 4X8MM双塔标准版,5万+,jfs/t1/94727/38/54335/85922/671f6254F14c5588f/b6fa37465700aea4.jpg,1000099731,全镀镍回流焊;阳极喷砂工艺;精工微雕铜底;四热管设计;多平台兼容;多平台支持;回流焊接;无光灯效;稳定性能;静音运行,100010498068,10万+,100010498068
风冷散热器 4热管 自营,雅浚（ProArtist）B3II台式电脑CPU风冷散热器单塔4热管 高效散热自动温控调速/LGA1700/1851/AM5,79.00,雅浚（ProArtist）京东自营旗舰店,B3II 单塔4热管,100+,jfs/t1/408765/6/8619/95107/69c53640F0456e2af/008332032052a54f.png,1028414110,全黑外观;支持AM5;直触热管;不挡内存;高效散热;4热管配置;温控调速;自动温控;单塔设计,100229565275,400+,100229565275
风冷散热器 4热管 自营,thermalright利民风冷散热器,83.00,利民Thermalright京东自营旗舰店,AX120 R SE PLUS 双风扇,50万+,jfs/t1/235618/40/27956/80203/672031f4F3d40bdff/d9c6b42f97fcaed5.jpg,1000099731,四热管架构;热管镀镍抗氧化;双平台金属扣具;热管直触,100054703748,60万+,100054703748
风冷散热器 4热管 自营,瓦尔基里AQ125 WHITE VK CPU风冷散热器  逆重力四热管直触 12CM风扇 支持LGA1700 AM5,89.00,瓦尔基里（VALKYRIE）京东自营旗舰店,AQ125 WHITE,1万+,jfs/t1/298150/20/7925/44422/6828638dFea07b0ee/b672cc60985a91b4.jpg,1000421158,一体式顶盖设计;免拆风扇;支持AM5;白色外观;12CM大风扇;兼容性强;四热管直触,100229576904,1万+,100229576904
风冷散热器 4热管 自营,利民（thermalright）Assassin Spirit 120 EVO DARK 刺灵 CPU风冷散热器 AGHP4.0逆重力4热管 AS120 EVO DARK,109.00,利民Thermalright京东自营旗舰店,AS120 EVO DARK 4热管 ,2000+,jfs/t1/236706/20/27640/70682/67202ff0F35320897/9a189a64e516fb0e.jpg,1000099731,阳极黑磨砂工艺;纳米全喷涂黑漆;双平台扣具;兼容多平台;逆重力设计;直触设计;热管直触;四热管结构;出色兼容;可靠耐用,100079264094,4000+,100079264094
风冷散热器 4热管 自营,超频3（PCCOOLER）RZ500WH CPU风冷散热器（5热管/无光/255W性能版单塔/带顶盖/FDB风扇/支持1700 AM4AM5,199.00,超频三京东自营旗舰店,RZ500 5热管 白色,2万+,jfs/t1/286910/24/8302/27516/682e74f8Ff09d4ee4/716fc4c580fe97dc.jpg,1000000670,500+人收藏;6万+人浏览;1千+人已买,100141897434,2万+,100141897434
风冷散热器 4热管 自营,超频3（PCCOOLER）RC400-53WH 白色 ITX风冷CPU散热器 （下压式/53mm高度/4热管/铜底回流焊镀镍工艺/支持1700 AM5）,159.00,超频三京东自营旗舰店,RC400白色-4热管-高度53mm,5000+,jfs/t1/5277/39/24175/60281/66e4ea5eF296aaf6a/d470968a4887b300.jpg,1000000670,液压轴承;全回流焊工艺;智能调速;下压设计;支持AM5;铜底回流焊;有线连接;支持1700;4热管散热;无光灯效,100114114499,6000+,100114114499
风冷散热器 4热管 自营,ID-COOLING 下压式CPU风冷散热器 4热管直触   适用LGA1200/LGA1700/AM4/5 ITX机箱 NAS IS-40-XT BLACK,109.00,酷凛（ID-COOLING）京东自营旗舰店, IS-40-XT BLACK 47MM高,2万+,jfs/t1/246202/30/10251/39927/665d34c7F62db1dfb/b1f6cc7134b88ab5.jpg,1000006124,47MM高度;4热管直触;支持正面安装;适合ITX;安静运行;广泛兼容;无光灯效;高效散热;易于安装;优质材料,100103263142,3万+,100103263142
风冷散热器 4热管 自营,九州风神（DEEPCOOL）玄冰400V5ARGB白色CPU电脑散热器附带硅脂(白化4热管/幻彩ARGB/220W/AG400ARGB WH）,79.00,九州风神 京东自营旗舰店,玄冰400V5白-4热管/ARGB,100万+,jfs/t1/411183/24/9961/80698/69cb2b32F2e616dfc/008332032016d151.jpg,1000000461,4热管设计;穿片工艺;温控智能;超频220W,100032596099,100万+,100032596099
风冷散热器 4热管 自营,超频3（PCCOOLER）RZ500BK CPU风冷散热器（5热管/无光/255W性能版单塔/带顶盖/FDB风扇/支持1700 AM4AM5）,189.00,超频三京东自营旗舰店,RZ500黑化5热管 黑色,2万+,jfs/t1/235321/4/20231/77646/6674d9b5F31b73849/f54aea53bc12bfc9.jpg,1000000670,安装超便捷;2千+人收藏;8千+人已买,100115292950,2万+,100115292950
风冷散热器 4热管 自营,超频3（PCCOOLER）RC400-53 ITX风冷CPU散热器 （下压式/53mm高度/4热管/铜底回流焊镀镍工艺/支持1700 AM5）,149.00,超频三京东自营旗舰店,RC400黑色-4热管-高度53mm,5000+,jfs/t1/233374/17/24802/61501/66c03723Fb369452e/de0ad28067a917cb.jpg,1000000670,全回流焊工艺;ITX;支持AM5;铜底镀镍;铜底回流焊;铜底工艺;惬意静音;全回流焊;高效散热;广泛兼容,100135483356,6000+,100135483356
风冷散热器 5热管 自营,大水牛（BUBALUS）T68 双塔CPU风冷散热器(多平台/AM5/纯铜6热管/PWM智能温控/矩阵式鳍片/12CM双风扇/支持1700),119.90,大水牛京东自营旗舰店,T68(双塔/6热管/AMD/1700),5万+,jfs/t1/337411/27/24068/88112/6908ff36Ffa6e8f87/140a6c7ebe683cb5.jpg,1000000707,超10万人店内购买;纯铜6热管;600+人已买,100211498603,9万+,100211498603
风冷散热器 5热管 自营,利民（thermalright）Assassin King 120 SE CPU风冷散热器 AGHP逆重力五热管 支持双平台 S-FDB轴承 AK120 SE,87.00,利民Thermalright京东自营旗舰店,AK120 SE 青春版（5热管））,5万+,jfs/t1/241086/33/21901/78627/6720314cF20f495c8/936fecd92f6ea36f.jpg,1000099731,纯铜镀镍热管;静音运行;五热管散热;逆重力设计,100021425849,10万+,100021425849
风冷散热器 5热管 自营,超频3（PCCOOLER）RZ500BK CPU风冷散热器（5热管/无光/255W性能版单塔/带顶盖/FDB风扇/支持1700 AM4AM5）,189.00,超频三京东自营旗舰店,RZ500黑化5热管 黑色,2万+,jfs/t1/235321/4/20231/77646/6674d9b5F31b73849/f54aea53bc12bfc9.jpg,1000000670,聚合工艺底座;自研高功耗热管;FDB风扇;兼容多平台;超静音设计;持久耐用;强劲性能;支持多平台;出色兼容;顶盖保护,100115292950,2万+,100115292950
风冷散热器 5热管 自营,九州风神（DEEPCOOL）AK500S青春数显版5热管风冷散热器(智能大屏温度显示/FDB安静风扇/适用于9900X3D及以下型号),199.00,九州风神 京东自营旗舰店,AK500S青春数显版-5热管,2万+,jfs/t1/319587/5/21283/95163/68905551F10b6e10e/5f5921fabaa13a6e.jpg,1000000461,5热管;FDB安静风扇;智能数显大屏;兼容AM4;智能大屏;安静运行;温度显示;5热管设计,100197734673,3万+,100197734673
风冷散热器 5热管 自营,零度世家UT75下压式CPU风冷散热器 热管直触 适用LGA1200/LGA1700/AM4/AM5 ITX机箱高度77mm 八热管 黑色,169.00,京东免税会员购自营专区,八热管 黑色,14,jfs/t1/382027/38/2780/84324/69450275F78d38955/96d7a569472e4757.jpg,1000651007,超薄散热;设计精巧;下压式;性能风扇,100310740014,,100310740014
风冷散热器 5热管 自营,利民（thermalright）Assassin King 90 V2 CPU风冷散热器 125mm高度 AGHP逆重力五热管 支持多平台 AK90 V2,159.00,利民Thermalright京东自营旗舰店,AK90 五热管 125高,1万+,jfs/t1/155744/17/49904/77633/672035d6Fb47c0aee/d5e7632920cb64fb.jpg,1000099731,逆重力热管;精雕镀镍铜底;兼容多平台;持久耐用;逆重力设计;多平台支持;安静运行;稳定性能;兼容AM5;高效散热,100017446889,2万+,100017446889
风冷散热器 5热管 自营,利民（thermalright）Silver Soul 110 BLACK 黑魂 CPU风冷散热器 110高度 5热管双塔全电镀回流焊 SS110 BLACK,229.00,利民Thermalright京东自营旗舰店,SS110黑色五热管双塔110高,5000+,jfs/t1/134662/33/48637/79426/671f6515Fc6a6283a/165fe3a1bd227f99.jpg,1000099731,全电镀回流焊;110mm高度;CNC精雕铜底;兼容广泛;5热管散热;黑色外观;回流焊接;稳定性能;无光灯效;安心使用,100030497426,5000+,100030497426
风冷散热器 5热管 自营,九州风神（DEEPCOOL）玄冰500ARGB散热器CPU风冷散热5热管（加宽塔体/支持神光同步/偏置设计不挡内存/AG500ARGB）,119.00,九州风神 京东自营旗舰店,玄冰500ARGB-5热管/神光同步,2万+,jfs/t1/411758/32/6813/88795/69cb2b2eF59556ab2/0083320320bd138e.jpg,1000000461,不挡内存;ARGB风扇;直触底座;偏置布局;5热管散热;超静音运行;神光同步;性能稳定;多平台兼容;兼容性强,100042558147,2万+,100042558147
风冷散热器 5热管 自营,零度世家TE37 下压式CPU风冷散热器 热管直触 适用LGA1200/LGA1700/AM4/AM5 ITX机箱高度37mm 四热管 白色,75.90,京东免税会员购自营专区,白色,20,jfs/t1/406334/24/1204/71436/69bb5acbFceba989e/00833203201760e0.jpg,1000651007,热管直触工艺;多平台兼容设计,100310740012,,100310740012
风冷散热器 5热管 自营,酷凛(IDCOOLING) 雪格510 AMD限定版  CPU风冷散热器  5热管单塔 58mm塔体 适用单平台AM4/5 ,179.00,酷凛（ID-COOLING）京东自营旗舰店,雪格510 AMD限定版,81,jfs/t1/398870/20/12315/81853/69aa97d0Fdd5dd120/008332032094d237.jpg,1000006124,偏移扣具;高性能风扇;5热管直触;AMD限定版;单塔结构;风冷散热,100322427122,100+,100322427122
风冷散热器 5热管 自营,九州风神（DEEPCOOL）AK500S青春数显版白色5热管风冷散热器(智能大屏温度显示/FDB安静风扇/适用于9900X3D及以下型号),199.00,九州风神 京东自营旗舰店,AK500S青春数显版白-5热管,2万+,jfs/t1/321410/24/21559/91061/68905550F464d0720/372c494ce24928e0.jpg,1000000461,5热管;FDB安静风扇;智能数显大屏;智能大屏;安静运行;温度显示;温度实时显示;5热管设计;兼容AM4,100260923232,3万+,100260923232
风冷散热器 5热管 自营,超频3（PCCOOLER）RT500 TC  BK 黑色无光 CPU风冷散热器（5热管/高性能风扇/三角波浪鳍片/1700/AM5）,139.00,超频三京东自营旗舰店,RT500TC 5热管黑色无光版,5000+,jfs/t1/98774/14/48779/55461/6708bf45F8b7205aa/9809684e7671f1d0.jpg,1000000670,热管聚合底座;轻松兼容;兼容多平台;持久耐用;黑色外观;三角鳍片;直触底座;高性能体验;高性能风扇;245W解热,100122765647,8000+,100122765647
风冷散热器 5热管 自营,大水牛（BUBALUS）T66 AMD6热管CPU散热器(纯铜导热管风冷/支持多平台/AM2/AM3/AM4/AM5/PWM智能温控/12mm易拆风扇),69.90,大水牛京东自营旗舰店,T66(6热管/12CM/AMD),5万+,jfs/t1/282260/35/8484/70222/67e12079Facd397fd/02ea93bfd09190c6.jpg,1000000707,AM4 AM5;300+人加购;店铺被10万人种草,100247496277,9万+,100247496277
风冷散热器 5热管 自营,利民（thermalright）Frost Commander 140 冰封统领 8mmAGHP4.0 五热管全电镀回流焊风冷散热器 2次动平衡 FC140,314.00,利民Thermalright京东自营旗舰店,FC140 5X8MM双塔高性能标准版,10万+,jfs/t1/177689/17/50615/79875/671f6203F0b76aab1/7c22c01fc3769ca8.jpg,1000099731,高效传导;高性能散热;五热管设计;支持多平台,100019603508,10万+,100019603508
风冷散热器 5热管 自营,九州风神（DEEPCOOL）冰立方500S数显白色风冷CPU散热器（温度显示/5热管/幻彩顶盖/矩阵鳍片/AK500S DIGITAL WH）,199.00,九州风神 京东自营旗舰店,冰立方500S数显白-5热管/240W,2万+,jfs/t1/409126/34/20594/86269/69cb2b54F15ca59b5/00833203202f7e12.jpg,1000000461,5热管;智能数显;高温预警;静音运行;白色外观;矩阵鳍片;幻彩顶盖;cooling效果;5热管设计;温度显示,100066074674,3万+,100066074674
风冷散热器 5热管 自营,超频3（PCCOOLER）RT500数显 BK黑色无光 CPU风冷散热器（5热管/温度显示/高性能风扇/三角波浪鳍片/1700/AM5）,159.00,超频三京东自营旗舰店,RT500 数显无光黑色,5000+,jfs/t1/6032/4/37366/67730/66c6e1a5F8d773017/f89f85a551c1f131.jpg,1000000670,高性能风扇;5热管直触;温度显示;兼容广泛;兼容多平台;智能温度显示;稳定性能;波浪鳍片;简约外观;高效散热,100139749292,8000+,100139749292
风冷散热器 5热管 自营,大水牛（BUBALUS）T65白色 6热管CPU散热器(纯铜导热管风冷/支持LGA 1700/AM5/PWM智能温控/ARGB神光同步/易拆风扇),89.90,大水牛京东自营旗舰店,T65白色(6热管/ARGB/Intel/12CM),5万+,jfs/t1/417092/26/13720/59313/69de0329Fd5083387/0083320320202303.jpg,1000000707,500+店铺粉丝浏览;1万+人浏览,100165952151,9万+,100165952151
风冷散热器 5热管 自营,追风者（PHANTEKS）Polar伯乐S5 单塔逆重力5热管风冷CPU散热器(PWM大风量扇/高性能硅脂/刮板/降噪器AM5/1851),119.00,追风者Phanteks京东自营旗舰店,伯乐S5-黑/5热管/降噪线/260W,10万+,jfs/t1/248443/9/15261/88796/6694f21aF8c4ca770/a1e82ef44bd95220.jpg,1000000468,抗重力复合热管;TDP260W;铝板顶盖;5热管散热;平衡性能;逆重力设计;热管直触;使用简单;稳定兼容;大风量扇,100033796391,5万+,100033796391
风冷散热器 5热管 自营,利民（thermalright）Frost Commander 140 BLACK 冰封统领 5X8mmAGHP4.0热管回流焊黑色风冷散热器 FC140 BLACK,419.00,利民Thermalright京东自营旗舰店,FC140 5X8MM双塔高性能纯黑版,10万+,jfs/t1/219871/2/45732/68525/671f6220F404285eb/fda832d44ba0350b.jpg,1000099731,电镀回流焊工艺;二次点胶平衡扇;精工微雕铜底;耐用材料;支持AM5;优质工艺;黑色外观;回流焊接;多场景适用;5X8mm热管,100028162440,10万+,100028162440
风冷散热器 5热管 自营,超频3（PCCOOLER）RT500 TC ARGB WH CPU风冷散热器（5热管/高性能风扇/三角波浪鳍片/1700/AM5）,159.00,超频三京东自营旗舰店,RT500TC  5热管白色ARGB,5000+,jfs/t1/229555/9/27230/62390/6708c18cFc558b390/903f4e3211952181.jpg,1000000670,不挡内存;高性能风扇;热管聚合底座;灵动灯效;兼容广泛;优雅外观;强劲风扇;三角鳍片;稳定性能;高效散热,100122765667,8000+,100122765667
风冷散热器 5热管 自营,超频3（PCCOOLER）RZ500WH CPU风冷散热器（5热管/无光/255W性能版单塔/带顶盖/FDB风扇/支持1700 AM4AM5,199.00,超频三京东自营旗舰店,RZ500 5热管 白色,2万+,jfs/t1/238529/21/16704/67341/66d80e3dF2ed6e961/900120616f5b48f3.jpg,1000000670,聚合工艺底座;优异兼容性;CNC阳极顶盖;高效散热;多平台兼容;创新工艺;持久耐用;大功率支持;安静运行;支持多平台,100141897434,2万+,100141897434
风冷散热器 5热管 自营,利民（thermalright）Frost Commander 140 WHITE冰封统领 5X8mmAGHP4.0热管回流焊 白色风冷散热器FC140 WHITE,354.00,利民Thermalright京东自营旗舰店,FC140 5X8MM双塔高性能纯白版,10万+,jfs/t1/185038/27/49375/79986/671f6239Fd014436d/f559ab8597550277.jpg,1000099731,二次动平衡风扇;全电镀回流焊;双平台金属扣具;稳定性能;持久耐用;回流焊接;静音运行;白色外观;热管优化;5X8mm热管,100024204252,10万+,100024204252
风冷散热器 5热管 自营,超频3（PCCOOLER） RT500 TC ARGB BK CPU风冷散热器（5热管/高性能风扇/三角波浪鳍片/1700/AM5）,149.00,超频三京东自营旗舰店,RT500TC  5热管黑色ARGB,5000+,jfs/t1/155972/27/48296/62808/6708c0a9Ff185d576/61fd3c2f1e8c6ddf.jpg,1000000670,不挡内存;热管聚合底座;兼容广泛;炫彩灯效;三角鳍片;高性能风扇;亮丽外观;静音运行;风扇强劲;高效散热,100148464032,8000+,100148464032
风冷散热器 5热管 自营,利民（thermalright）Assassin King 120 SE ARGB CPU风冷散热器 AGHP3.0逆重力五热管 AK120 SE ARGB,87.00,利民Thermalright京东自营旗舰店,AK120 SE ARGB 青春版,5万+,jfs/t1/248363/13/22520/73343/67203136F7e0fe8b6/705bd5aae1666317.jpg,1000099731,主板神光同步;阳极喷砂灰顶盖;热管直触工艺;兼容广泛;五根热管;高效冷却;逆重力设计;多平台适配;直触底座;支持最新平台,100039319252,10万+,100039319252
风冷散热器 5热管 自营,超频3（PCCOOLER）红海H4炫彩 白色CPU风冷散热器（4热管/PWM风扇/顶盖发光/支持12/13代1700/AM4/AM5/133mm高度）,69.00,超频三京东自营旗舰店,红海H4 炫彩版白色,2万+,jfs/t1/227217/38/21715/99864/6674e5faF6d12f723/ca7ba5b20bae5ee6.jpg,1000000670,2千+店铺粉丝浏览;4热管;5万+人浏览,100079826274,3万+,100079826274
风冷散热器 5热管 自营,九州风神（DEEPCOOL）玄冰500风冷散热器CPU散热（加宽塔体/不挡内存/PWM风扇/240W/多平台易安装/AG500),89.00,九州风神 京东自营旗舰店,玄冰500-5热管/不挡内存,2万+,jfs/t1/412823/38/2867/82066/69cb2b30F88145681/0083320320640c75.jpg,1000000461,不挡内存;稳定性能;无光灯效;静音运行;简约外观;多平台兼容;5热管散热;多平台易安装;宽塔设计;240W散热,100042558125,2万+,100042558125
风冷散热器 5热管 自营,超频 3 PCCOOLERRT500 ARGB BK数显 CPU风冷散热器（5热管/温度显示/三角波浪鳍片/1700/AM5）,169.00,超频三京东自营旗舰店,RT500 数显ARGB黑色,5000+,jfs/t1/99685/19/49351/60434/66c2a077F80d54b80/98936499b2bd7e61.jpg,1000000670,高压风扇;智能数显;智能温度显示;直触导热;三角鳍片;温度显示;高风压散热;五热管散热;温度实时显示;适用多种场景,100127449248,8000+,100127449248
风冷散热器 5热管 自营,骨伽风擎50 MAX 单塔风冷CPU散热器 不挡内存 5热管纯铜底 ,99.00,骨伽京东自营旗舰店,白色,100+,jfs/t1/411376/14/16660/1273205/69d70f64F2108e39e/00835a05a0149229.png,1000300123,,100342091540,100+,100342091540
风冷散热器 5热管 自营,利民（thermalright）Assassin King 120 SE WHITE ARGB 风冷散热器 AGHP逆重力五热管 AK120 SE WHITE ARGB,103.00,利民Thermalright京东自营旗舰店,AK120 SE 白色ARGB 青春版,5万+,jfs/t1/249120/19/22519/57301/67203106F7b7cc7bd/3a9de39ae30c0b13.jpg,1000099731,主板神光同步;148MM高度;纳米纯白喷涂;优雅白色;逆重力结构;逆重力设计;炫彩灯效;支持多平台;直触底座;静音运行,100022434423,10万+,100022434423
风冷散热器 5热管 自营,超频3（PCCOOLER）RT500 ARGB WH数显 CPU风冷散热器（5热管/温度显示/三角波浪鳍片/1700/AM5）,179.00,超频三京东自营旗舰店,RT500 数显ARGB白色,5000+,jfs/t1/3759/4/23012/58551/66c2a1feF0231669f/0d860657dcd5ef25.jpg,1000000670,高风压风扇;高清智能数显;神光同步;兼容多平台;可靠耐用;智能温度显示;三角鳍片;绚丽灯效;数显温度;高风压散热,100127449236,8000+,100127449236
风冷散热器 7热管 自营,大水牛（BUBALUS）T68 双塔CPU风冷散热器(多平台/AM5/纯铜6热管/PWM智能温控/矩阵式鳍片/12CM双风扇/支持1700),119.90,大水牛京东自营旗舰店,T68(双塔/6热管/AMD/1700),5万+,jfs/t1/337411/27/24068/88112/6908ff36Ffa6e8f87/140a6c7ebe683cb5.jpg,1000000707,超10万人店内购买;TDP210W;600+人已买,100211498603,9万+,100211498603
风冷散热器 7热管 自营,九州风神（DEEPCOOL）阿萨辛4 VC 数显版风冷CPU散热器(7热管/均热底座解热300W/温度显示屏/双模式散热),899.00,九州风神 京东自营旗舰店,阿萨辛4 VC数显版(VC均热底座),2万+,jfs/t1/412819/28/3049/82937/69cb2b64F6fe00f74/0083320320db35b8.jpg,1000000461,均热板底座;7热管设计;兼容AM4;解热300W,100131954016,4万+,100131954016
风冷散热器 7热管 自营,瓦尔基里（VALKYRIE）(VALKYRIE）R125 LOKI VK CPU风冷散热器  焊接7热管纯铜底 2.4吋IPS液晶屏 支持LGA1700 AM5,469.00,瓦尔基里（VALKYRIE）京东自营旗舰店,R125 LOKI ,2万+,jfs/t1/319934/10/10528/75438/685588f3Feaefd477/e8ebf927a052c8d6.jpg,1000421158,全回流焊铜底;7热管双风扇;高性能稳定;智能显示屏;高性能风扇;兼容广泛;ARGB灯效;2.4吋液晶屏;IPS液晶屏;大尺寸铜底,100071294285,3万+,100071294285
风冷散热器 7热管 自营,超频3（PCCOOLER）RZ700D Pro ARGB黑色 CPU风冷散热器（7热管/单塔双风扇/全铝磁吸顶盖/双滚珠轴承）,499.00,超频三京东自营旗舰店,RZ700D Pro ARGB 黑色,2万+,jfs/t1/421860/31/15336/64208/69ea2848F8f691679/008332032001f2cf.jpg,1000000670,,100256110399,2万+,100256110399
风冷散热器 7热管 自营,零度世家UT75下压式CPU风冷散热器 热管直触 适用LGA1200/LGA1700/AM4/AM5 ITX机箱高度77mm 八热管 黑色,169.00,京东免税会员购自营专区,八热管 黑色,14,jfs/t1/382027/38/2780/84324/69450275F78d38955/96d7a569472e4757.jpg,1000651007,超薄散热;设计精巧;下压式;性能风扇,100310740014,,100310740014
风冷散热器 7热管 自营,九州风神（DEEPCOOL）阿萨辛4风冷散热器CPU散热（7热管280W/双模散热/内存全避位/磁吸顶盖/快拆风扇/ASSASSIN IV）,529.00,九州风神 京东自营旗舰店,阿萨辛4-7热管/双设计奖加持,2万+,jfs/t1/410338/23/10586/88504/69cb2b63Fdcee12db/0083320320ce38d2.jpg,1000000461,磁吸顶盖;双模散热;快拆风扇;内存全避位,100053002418,4万+,100053002418
风冷散热器 7热管 自营,九州风神（DEEPCOOL）冰立方700数显黑金刚风冷散热器7热管单塔/AI智能调速/8秒反转清灰/高清数显段码屏/内存全避位,399.00,九州风神 京东自营旗舰店,AK700数显黑金刚-7热管单塔,2万+,jfs/t1/409291/8/18627/88781/69cb2b51F3f03090b/0083320320302b00.jpg,1000000461,内存全避位;8秒反转清灰;自清灰技术;AMD兼容;黑金刚外观;高清数显屏;单塔散热;7热管设计;AI智能调速,100265358566,3万+,100265358566
风冷散热器 7热管 自营,超频3（PCCOOLER）RZ700D Pro ARGB白色 CPU风冷散热器（7热管/单塔双风扇/全铝磁吸顶盖/双滚珠轴承）,509.00,超频三京东自营旗舰店,RZ700D Pro ARGB 白色,2万+,jfs/t1/421762/15/17334/67995/69ea285bFafd5b755/0083320320e46b2e.jpg,1000000670,,100256111255,2万+,100256111255
风冷散热器 7热管 自营,零度世家TE75 下压式CPU风冷散热器 热管直触 神光同步适用LGA1200 /AM4 ITX机箱高度75mm 八热管 ARGB版白,151.00,京东免税会员购自营专区,八热管 ARGB版 白色,6,jfs/t1/403525/36/18753/217460/69bcb69cFfc1fded0/0083320320464c5b.jpg,1000651007,高效散热;多平台兼容设计;设计精巧;八热管,100310739958,,100310739958
风冷散热器 7热管 自营,九州风神（DEEPCOOL）阿萨辛VC至尊版黑金色CPU旗舰风冷散热器/7热管/VC均热领域/双模式散热/内存全避位,849.00,九州风神 京东自营旗舰店,阿萨辛VC至尊版-黑金色,2万+,jfs/t1/413359/6/190/93927/69cb2b5eFa63f08e7/0083320320a3d1c7.jpg,1000000461,内存全避位;金色铭牌设计;VC均热底座;黑金色外观;7热管设计;VC均热技术;兼容AM4,100205228199,4万+,100205228199
风冷散热器 7热管 自营,利民（thermalright）Phantom Spirit 120 EVO 幻灵AGHP GEN4逆重力七热管 风冷散热器 阳极磨砂顶盖 PS120 EVO,299.00,利民Thermalright京东自营旗舰店,PS120  EVO 7热管双塔 ,1万+,jfs/t1/190206/9/50684/73674/671f65bbF26207465/cc83b524a42da4b7.jpg,1000099731,七热管散热;静音体验;卓越散热;逆重力设计,100071529669,1万+,100071529669
风冷散热器 7热管 自营,超频3（PCCOOLER）RZ700D Metal黑色 CPU风冷散热器（7热管/无光/单塔双风扇/全铝磁吸顶盖/双滚珠轴承/1851 AM5）,429.00,超频三京东自营旗舰店,RZ700D CNC全铝顶盖 黑色,2万+,jfs/t1/357160/12/11557/51774/691c38a0F64bad2f9/1946c3f4e6ef5c91.jpg,1000000670,双曲刃性能风扇;全铝CNC顶盖;加宽型塔体;全铝顶盖;7热管散热;无光设计;双曲刃风扇;兼容AM5;双滚珠轴承;单塔双扇,100299226228,2万+,100299226228
风冷散热器 7热管 自营,大水牛（BUBALUS）黑铠Ⅵ 智能数显CPU散热器(6热管风冷/逆重力铜管/温度显示/PWM温控风扇/支持AMD/1700/多平台),109.90,大水牛京东自营旗舰店,黑铠Ⅵ(6热管/智能数显),5万+,jfs/t20280123/391015/27/5754/92295/6972df53Ff0d0195e/0a02320320a9c1cb.jpg,1000000707,100+人收藏;店铺被10万人种草;3万+人浏览,100167846102,9万+,100167846102
风冷散热器 7热管 自营,九州风神（DEEPCOOL）阿萨辛4白色风冷散热器（7热管280W/双模散热/内存全避位/磁吸顶盖/ASSASSIN IV WH）,529.00,九州风神 京东自营旗舰店,阿萨辛4白-7热管/内存全避位,2万+,jfs/t1/413175/10/548/98898/69cb2b63F3db0f769/00833203200af56a.jpg,1000000461,避位设计;快拆风扇;7热管;稳压性能;全兼容性;红点奖品;耐用材料;支持AM5;内存避位;磁吸顶盖,100066420011,4万+,100066420011
风冷散热器 7热管 自营,利民（thermalright）Phantom Spirit 120 幻灵 AGHP GEN4逆重力热管 风冷散热器 7热管双塔 阳极磨砂顶盖 PS120,205.00,利民Thermalright京东自营旗舰店,PS120  7热管双塔,1万+,jfs/t1/165609/3/50422/84246/671f65d9F7d1a8312/c55d719a697aae8b.jpg,1000099731,阳极黑磨砂工艺;精工微雕回流焊;全电镀热管;逆重力设计;7热管散热;高效风冷;阳极磨砂外观;无光灯效;阳极磨砂;稳压性能,100051773914,1万+,100051773914
风冷散热器 7热管 自营,超频3（PCCOOLER）RZ700D CPU风冷散热器（7热管/无光/单塔双风扇/磁性顶盖/双滚珠轴承/支持1700 AM4AM5）,399.00,超频三京东自营旗舰店,RZ700D 黑色 单塔双风扇,2万+,jfs/t1/359087/11/10720/50706/691c2ea3Fb7ea2549/eb54a6f2504cf8c1.jpg,1000000670,一体化顶盖设计;双滚珠轴承风扇;内存显卡双避让;磁性顶盖;兼容多平台;7热管散热;双曲刃风扇;双滚珠轴承;单塔双扇;7热管设计,100218375227,2万+,100218375227
风冷散热器 7热管 自营,大水牛（BUBALUS）T61A 6热管CPU风冷散热器（ARGB风扇/Intel多平台/PWM温控/12CM/硅脂/锁具式/支持1700）,74.90,大水牛京东自营旗舰店,T61A(6热管/ARGB/intel/12CM),5万+,jfs/t1/99238/12/36925/88576/658536efF1750d31d/bccdf39aecf7a7c9.jpg,1000000707,纯铜6热管;1千+店铺粉丝浏览;9千+人加购,100084618638,9万+,100084618638
风冷散热器 7热管 自营,九州风神（DEEPCOOL）阿萨辛VC至尊白CPU风冷散热器(7热管/VC均热底座/双模式散热/支持Intel Ultra系列处理器),849.00,九州风神 京东自营旗舰店,阿萨辛VC至尊版-7热管,2万+,jfs/t1/411879/24/6667/104022/69cb2b60F9748e4e5/00833203204fde92.jpg,1000000461,7热管;双模式散热;支持AM5;白色外观;VC均热底座;VC均热;兼容AM5;优质铭牌;风冷旗舰;7热管设计,100217405232,4万+,100217405232
风冷散热器 7热管 自营,超频3（PCCOOLER）RT720P TC BK CPU风冷散热器（7热管/双塔/带顶盖/预装保护支架/铜底焊接/支持1851/AM5）,259.00,超频三京东自营旗舰店,RT720P TC 黑色双滚珠版,5000+,jfs/t1/361515/22/7838/61481/691e6a1cF3362db91/5fc80696627b54fc.jpg,1000000670,一体式顶盖设计;7热管双塔体;双滚珠轴承风扇;预装支架;7热管散热;顶盖保护;兼容AM5;双塔设计;铜底焊接,100300582714,8000+,100300582714
风冷散热器 7热管 自营,瓦尔基里（VALKYRIE）(VALKYRIE）R125 VALKYRIE VK CPU风冷散热器  焊接7热管纯铜底 2.4吋IPS液晶屏 支持LGA1700 AM5,469.00,瓦尔基里（VALKYRIE）京东自营旗舰店,R125 VALKYRIE,2万+,jfs/t1/317236/24/10615/76829/68558903F85dfa51f/737f61d701af0021.jpg,1000421158,全回流焊铜底;7热管双风扇;大尺寸铜底;强劲支持;冷却性能;多平台兼容;七热管设计;ARGB灯效;焊接7热管;独特外观,100071257066,3万+,100071257066
风冷散热器 7热管 自营,超频3（PCCOOLER）RZ620M X 黑色 CPU风冷散热器（6热管/mini双塔/双滚珠轴承/10CM性能风扇/支持1700 AM5） ,219.00,超频三京东自营旗舰店,RZ620M X 小塔体黑色,2万+,jfs/t1/354549/15/2848/63277/6901bc1bF11287fce/b6f02d62d3feeb45.jpg,1000000670,近7日人气商品;2千+店铺粉丝浏览,100294303884,2万+,100294303884
风冷散热器 7热管 自营,九州风神（DEEPCOOL）阿萨辛4S风冷CPU散热器（7热管/双模式散热/内存全避位/快拆风扇/磁吸顶盖/附螺丝刀硅脂）,419.00,九州风神 京东自营旗舰店,阿萨辛4S-7热管/双塔单风扇,2万+,jfs/t1/410611/20/11793/78405/69cb2b62Fbbe27a13/00833203205d3b7e.jpg,1000000461,双模式散热;铜底焊接;快拆设计;兼容AM5,100088537062,4万+,100088537062
风冷散热器 7热管 自营,利民（thermalright）ROYAL PRETOR 130 ULTRA BLACK 皇家执政官 7热管双塔回流焊 风冷散热器 RP130 ULTRA BLACK,249.00,利民Thermalright京东自营旗舰店, RP130 ULTRA BLACK,500+,jfs/t1/286822/32/19052/82980/686643a1F1edddef4/9cbd6a281c82bf05.jpg,1000099731,全电镀回流焊;拉丝顶盖;暗黑纳米涂层;双回流焊接;黑色外观;黑色炫酷;兼容AM5;皇家外观;回流焊工艺;ARGB灯效,100195916885,900+,100195916885
风冷散热器 7热管 自营,超频3（PCCOOLER）RZ700D Metal白色 CPU风冷散热器（7热管/无光/单塔双风扇/全铝磁吸顶盖/双滚珠轴承/1851 AM5）,439.00,超频三京东自营旗舰店,RZ700D CNC全铝顶盖 白色,2万+,jfs/t1/377763/27/22512/45216/6954ef78F78aecfc3/a217c26960b95cca.jpg,1000000670,全铝顶盖;7热管;双滚珠轴承;铜底焊接;双风扇散热;7热管导热;兼容AM5;无光静音;7热管设计;滚珠轴承,100308974366,2万+,100308974366
风冷散热器 7热管 自营,超频3（PCCOOLER）RZ620M X 白色 CPU风冷散热器（6热管/mini双塔/双滚珠轴承/10CM性能风扇/支持1700 AM5）,229.00,超频三京东自营旗舰店,RZ620M X 小塔体白色,2万+,jfs/t1/346726/31/19320/68713/690334ddF6a1bc08d/b633844d5cda061c.jpg,1000000670,400+人已买;1万+人浏览;3千+人加购,100220528967,2万+,100220528967
风冷散热器 7热管 自营,九州风神（DEEPCOOL）阿萨辛4S白CPU风冷散热器（7热管/双模式散热/内存全避位/快拆风扇/磁吸顶盖/附螺丝刀硅脂）,419.00,九州风神 京东自营旗舰店,阿萨辛4S白-7热管/双塔单风扇,2万+,jfs/t1/409364/17/18991/91125/69cb2b61F259055a1/0083320320fdfd1c.jpg,1000000461,内存全避位;磁吸顶盖;双模式散热;附赠工具;稳固结构;无光灯效;兼容AM5;快拆设计;易于安装;快拆风扇,100082805291,4万+,100082805291
风冷散热器 7热管 自营,利民（thermalright）Phantom Spirit 120 SE 幻灵 AGHP GEN4逆重力7热管双塔 风冷散热器 双C12B风扇 PS120 SE ,176.00,利民Thermalright京东自营旗舰店,PS120 SE 7热管双塔,1万+,jfs/t1/181423/16/52136/74060/671f65f2Fa49352d7/f3809b8929f6d8e6.jpg,1000099731,双塔7热管;阳极喷砂顶片;精工微雕铜底;稳定性能;高效冷却;双塔结构;兼容性强;强劲散热;逆重力设计;双风扇配置,100045699703,2万+,100045699703
风冷散热器 7热管 自营,利民（thermalright）ROYAL PRETOR 130 ULTRA WHITE 皇家执政官 7热管双塔回流焊 风冷散热器  RP130 WHITE,274.00,利民Thermalright京东自营旗舰店,RP130 ULTRA WHITE,500+,jfs/t1/292807/24/22969/66938/687f42f2F1151752e/017ce424f9040714.png,1000099731,全电镀回流焊工;幻白纳米涂层;拉丝顶盖;白色外观;兼容AM5;皇家执政官;ARGB风冷;7热管设计;全图流焊,100258191094,900+,100258191094
风冷散热器 7热管 自营,超频3（PCCOOLER）臻 RZ620黑色 CPU风冷散热器（6热管/双塔/3挡调节风扇/金属阳极顶盖/支持1700 AM5）,319.00,超频三京东自营旗舰店,RZ620黑化6热管 风扇可调节,2万+,jfs/t1/50387/15/26429/28428/66de8c3bF374d8013/dd260458a5fdfcaf.jpg,1000000670,金属阳极顶盖;散热超给力;3万+人加购,100069363073,2万+,100069363073
风冷散热器 7热管 自营,九州风神（DEEPCOOL）冰立方AK700暗夜风冷散热器/7热管单塔全避位/8秒反转清灰/智能启停风扇/CTT2.0热管,349.00,九州风神 京东自营旗舰店,AK700暗夜-7热管单塔,2万+,jfs/t1/412331/38/4945/96260/69cb2b50Fcaa27cfb/0083320320501c44.jpg,1000000461,内存全避位;智慧启停风扇;木纹顶盖;支持AM4;暗夜设计;7热管单塔;8秒反转清灰;7热管设计;智能启停风扇;单塔全避位,100288767580,3万+,100288767580
风冷散热器 8热管 自营,零度世家UT75下压式CPU风冷散热器 热管直触 适用LGA1200/LGA1700/AM4/AM5 ITX机箱高度77mm 八热管 黑色,169.00,京东免税会员购自营专区,八热管 黑色,14,jfs/t1/382027/38/2780/84324/69450275F78d38955/96d7a569472e4757.jpg,1000651007,超薄散热;设计精巧;下压式;性能风扇,100310740014,,100310740014
风冷散热器 8热管 自营,瓦尔基里（VALKYRIE）DX140 LOKI AMD优化版 VK CPU风冷散热器 全焊接8热管全铜底 4.3吋MAX大屏 支持LGA1851 AM5,599.00,瓦尔基里（VALKYRIE）京东自营旗舰店,DX140 LOKI AMD优化版,2万+,jfs/t1/301161/31/7311/78951/68285276F60fb7b8f/591be07204b319fc.jpg,1000421158,全焊接铜底;8热管设计;AMD专属优化;高性能复合热管,100176831113,3万+,100176831113
风冷散热器 8热管 自营,子意RUIX大双塔8铜管CPU散热器风冷黑色无光版CD纹标（黑化塔体/支持英特尔/AMD多平台/配硅脂）,189.00,子意DIY京东自营旗舰店,8铜管大双塔无光黑化AM5/1700,2000+,jfs/t1/337017/6/3915/119241/68b28b82F7f02615c/5600fa512876adfd.jpg,1000480162,支持多平台安装;8铜管CD纹;黑化塔体大双塔;多平台兼容;全黑化外观;黑色外观;直触底座;八铜管散热;热管直触底座;CD纹标识,100275595014,5000+,100275595014
风冷散热器 8热管 自营,超频3（PCCOOLER）RZ820 8热管CPU风冷散热器（290W/巨型双塔/航空铝ARGB磁吸顶盖/14CM大风扇/聚合铜底）,849.00,超频三京东自营旗舰店,RZ820黑化8热管 风冷旗舰,2万+,jfs/t1/215973/13/42376/60476/666a99d4Fa890b7e8/44a08edff88ea3c0.jpg,1000000670,滑轨避让设计;超规格8热管;14CM大风扇;磁吸顶盖;静音运行;超强冷却;无光灯效;聚合铜底;强力风道;14CM风扇,100105223569,2万+,100105223569
风冷散热器 8热管 自营,零度世家TE75 下压式CPU风冷散热器 热管直触 神光同步适用LGA1200 /AM4 ITX机箱高度75mm 八热管 ARGB版白,151.00,京东免税会员购自营专区,八热管 ARGB版 白色,6,jfs/t1/403525/36/18753/217460/69bcb69cFfc1fded0/0083320320464c5b.jpg,1000651007,高效散热;多平台兼容设计;设计精巧;八热管,100310739958,,100310739958
风冷散热器 8热管 自营,瓦尔基里（VALKYRIE）DX140 VALKYRIE AMD优化版 VK CPU风冷散热器 全焊接8热管全铜底 4.3吋MAX大屏 支持LGA1851 AM5,599.00,瓦尔基里（VALKYRIE）京东自营旗舰店,DX140 VALKYRIE AMD优化版,2万+,jfs/t1/314817/2/1394/84051/6826f1d1Fd366bc4c/7ee915f66f9cfcfb.jpg,1000421158,AMD专属优化;全焊接铜底;高性能复合热管;8热管设计,100228585662,3万+,100228585662
风冷散热器 8热管 自营,COXBYTE下压式CPU散热器8热管/12cm风扇(Intel/AMD多平台通用)itx小机箱风冷CFan-50V8-白色ARGB神光同步,139.00,COXBYTE京东自营旗舰店,CFan-50V8-白色ARGB(双接头),100+,jfs/t1/288527/1/15548/68916/684f7214F73cfaf30/fbeb85e89dcd41f1.jpg,1000463812,不挡内存;8热铜管;8热管设计;白色外观;小机箱适用;多平台通用;神光同步;ARGB灯效;铜底焊接;12cm大风扇,100186529315,200+,100186529315
风冷散热器 8热管 自营,超频3（PCCOOLER）RZ820 白色 8热管CPU风冷散热器（290W/巨型双塔/航空铝ARGB磁吸顶盖/14CM大风扇/聚合铜底）,849.00,超频三京东自营旗舰店,RZ820白色 8热管 风冷旗舰,2万+,jfs/t1/276749/21/27741/49603/680b2707Fafc0d9ac/201370ac3c61c6b5.jpg,1000000670,8热管风冷旗舰;全铝磁吸顶盖;全回流焊设计;全铝顶盖;14CM大风扇;磁吸顶盖;8热管设计;巨型双塔;全回流焊;航空铝材,100196033280,2万+,100196033280
风冷散热器 8热管 自营,瓦尔基里（VALKYRIE）DX140 LOKI INTEL优化版 VK CPU风冷散热器 全焊接8热管全铜底 4.3吋MAX大屏 支持LGA1851 AM5,599.00,瓦尔基里（VALKYRIE）京东自营旗舰店,DX140 LOKI INTEL优化版,2万+,jfs/t1/292228/19/7628/78506/6826f08aF551e9ae1/dd5307f9326a36f0.jpg,1000421158,INTEL优化;大屏旗舰;全焊接8热管;支持AM5;4.3吋大屏;全焊接铜底;IPS屏显;ARGB灯效;回流焊工艺;8热管设计,100176170963,3万+,100176170963
风冷散热器 8热管 自营,子意RUIX大双塔8铜管CPU散热器风冷黑色ARGB神光同步CD纹标（黑化塔体/支持英特尔/AMD多平台/配硅脂）,199.00,子意DIY京东自营旗舰店,8铜管大双塔ARGB黑化AM5/1700,2000+,jfs/t1/327809/7/13240/134742/68b289e3F62a9d92c/5ddd0205a1dd92a5.jpg,1000480162,CD纹300W;8铜管黑化塔体;ARGB同步;多平台兼容;ARGB神光;黑色外观;全黑化外观;热管直触;八铜管散热;直触热管,100275595030,5000+,100275595030
风冷散热器 8热管 自营,瓦尔基里（VALKYRIE）DX140 VALKYRIE INTEL优化版 VK CPU风冷散热器 全焊接8热管全铜底 4.3吋MAX大屏 支持LGA1851 AM5,599.00,瓦尔基里（VALKYRIE）京东自营旗舰店,DX140 VALKYRIE INTEL优化版,2万+,jfs/t1/320022/27/960/82226/6826e552F98a00869/e81c1ebe62903828.jpg,1000421158,INTEL优化;大屏旗舰;8热管设计;智能屏显;4.3吋大屏;兼容AM5;铜底散热;4.3吋大屏幕;兼容多接口;全焊接8热管,100228585648,3万+,100228585648
风冷散热器 8热管 自营,利民（thermalright）Frost Commander 140 BLACK 冰封统领 5X8mmAGHP4.0热管回流焊黑色风冷散热器 FC140 BLACK,419.00,利民Thermalright京东自营旗舰店,FC140 5X8MM双塔高性能纯黑版,10万+,jfs/t1/219871/2/45732/68525/671f6220F404285eb/fda832d44ba0350b.jpg,1000099731,电镀回流焊工艺;二次点胶平衡扇;精工微雕铜底;耐用材料;支持AM5;优质工艺;黑色外观;回流焊接;多场景适用;5X8mm热管,100028162440,10万+,100028162440
风冷散热器 8热管 自营,超频3（PCCOOLER）RZ820 屏显黑色  8热管CPU风冷散热器（290W/巨型双塔/5吋液晶屏/磁吸顶盖/14CM大风扇/聚合铜底）,999.00,超频三京东自营旗舰店,RZ820 5吋屏 黑化8热管 ,2万+,jfs/t1/226180/14/35853/63829/68f6010bFf3eb6b98/1c155d5130957add.jpg,1000000670,全回流焊工艺;8热管旗舰;5吋高清屏幕;多平台兼容;290W散热;CNC航空铝;磁吸顶盖;14CM大风扇;8热管设计;5吋液晶屏,100291429610,2万+,100291429610
风冷散热器 8热管 自营,COXBYTE下压式CPU散热器8热管/12cm风扇(Intel/AMD多平台通用)itx小机箱风冷CFan-50V8-黑色ARGB神光同步,139.00,COXBYTE京东自营旗舰店,CFan-50V8-黑色ARGB(双接头),100+,jfs/t1/307081/34/9892/71513/684f7031F9c6c32a2/75c7b2a0a26ca6f8.jpg,1000463812,不挡内存;8热铜管;ARGB灯效;itx小机箱;8热管散热;8热管设计;风冷鳍片;小机箱适用;多平台通用;神光同步,100186529317,200+,100186529317
风冷散热器 8热管 自营,利民（thermalright）Frost Commander 140 WHITE冰封统领 5X8mmAGHP4.0热管回流焊 白色风冷散热器FC140 WHITE,354.00,利民Thermalright京东自营旗舰店,FC140 5X8MM双塔高性能纯白版,10万+,jfs/t1/185038/27/49375/79986/671f6239Fd014436d/f559ab8597550277.jpg,1000099731,二次动平衡风扇;全电镀回流焊;双平台金属扣具;稳定性能;持久耐用;回流焊接;静音运行;白色外观;热管优化;5X8mm热管,100024204252,10万+,100024204252
风冷散热器 8热管 自营,SUPER FLOWER振华VORTEX800黑色 逆重力8热管 双塔风冷散热器 高性能风扇,264.10,SUPER FLOWER京东自营旗舰店,VORTEX800黑|8热管风冷,23,jfs/t1/330568/30/4060/118550/68ac2c97F4a6288b3/927e5dbd46470da2.jpg,1000509448,高性能风扇;回流焊工艺;兼容AM5;高效风扇;双塔结构;逆重力设计;双塔散热;8热管散热,100273097204,,100273097204
风冷散热器 8热管 自营,COXBYTE下压式CPU散热器8热管/12cm风扇(Intel/AMD多平台通用)itx小机箱风冷CFan-50V8-黑色无光4pin,135.00,COXBYTE京东自营旗舰店,V8黑色-无光-单接头4pin,100+,jfs/t1/323156/35/8363/67140/68ad10d9F860a87c2/e7b0f230dc33aff5.jpg,1000463812,镜面打磨;8热铜管;不挡内存;下压散热;8热管设计;黑色无光;多平台通用;铜底焊接;风冷鳍片;控温能手,100273365320,200+,100273365320
风冷散热器 8热管 自营,【京东快递配送】RUIX锐禧6铜管/8铜管大双塔CPU散热器风冷（支持英特尔/AMD多平台） 8铜管大双塔黑色无光版,165.09,京喜自营官方店,8铜管大双塔黑色无光版,80,jfs/t20261014/342247/28/12767/672258/68eda1abF99ab8d18/2a63148d9d1b1ea7.png,13496968,兼容多平台;直触底座;黑色无光版;8热管散热;风冷鳍片;大双塔设计,10178814600511,200+,10178814600511
风冷散热器 8热管 自营,【京东快递配送】8铜管/6铜管/4铜管/2铜管CPU散热器降噪风扇（支持英特尔/AMD多平台/便捷安装） 8铜管大双塔黑色黑化ARGB版（AM5/1700),199.00,京喜自营官方店,8铜管大双塔黑色黑化ARGB版（AM5/1700),200+,jfs/t1/415514/21/13515/622445/69dda39cF877e51c9/093532032055dba6.png,13496968,高性能版解压;8铜管大双塔;多平台兼容;黑色黑化;降噪风扇;便捷安装;ARGB灯效;8热管散热;大双塔设计,10187866237700,600+,10187866237700
风冷散热器 8热管 自营,【京东快递配送】RUIX锐禧6铜管/8铜管大双塔CPU散热器风冷（支持英特尔/AMD多平台） 8铜管大双塔黑色ARGB版,155.09,京喜自营官方店,8铜管大双塔黑色ARGB版,80,jfs/t20261014/240526/24/33619/744648/68eda1abF0eeaba5e/e9c0691a5f4286f9.png,13496968,多平台兼容;黑色外观;有线连接;热管直触;8铜管散热;风冷高效;ARGB灯效;8热管散热;黑色时尚;风冷鳍片,10178813365510,200+,10178813365510
风冷散热器 8热管 自营,【京东快递配送】8铜管/6铜管/4铜管/2铜管CPU散热器降噪风扇（支持英特尔/AMD多平台/便捷安装） 8铜管大双塔黑色黑化无关版（AM5/1700),189.00,京喜自营官方店,8铜管大双塔黑色黑化无关版（AM5/1700),200+,jfs/t1/419308/23/5746/521983/69dda373F2ed48430/0935320320f82db4.png,13496968,8铜管大双塔;无光温控风扇;高性能版解压,10187866237701,600+,10187866237701
风冷散热器 8热管 自营,COOLLEO酷里奥倚天P60T 白色性能版V3 塔式CPU散热器6热管(六铜管)双塔风扇静音AM5电脑风冷AMD 1700 1200,289.00,酷里奥（COOLLEO）京东自营旗舰店,倚天P60T 白色性能版V3,1000+,jfs/t1/347764/1/24188/78110/690c5147F2be8c1cb/5a60b0202b8e7622.jpg,1022148319,时尚白色外观;双塔六热管散热;性能级网红产品;支持AM5;双风扇配置;白色外观;兼容AM5;六铜管散热;双塔风扇;静音散热,100297849056,2000+,100297849056
风冷散热器 8热管 自营,利民（thermalright）Peerless Assassin 140 SE ARGB 风冷CPU散热器 铜底焊接6热管14公分双塔 PA140 SE ARGB,199.00,利民Thermalright京东自营旗舰店,PA140 SE ARGB,200+,jfs/t1/394750/11/21727/82890/69a642e6F3b6d8b81/00833203207a301e.jpg,1000099731,日蚀幻彩光效;双塔双扇六热管;双平台通用扣具;14公分风扇;支持AM5;兼容AM4;6热管散热;双塔设计;ARGB灯效;铜底焊接,100306346338,200+,100306346338
风冷散热器 8热管 自营,银昕（SilverStone）FM620Pro黑色 6热管双塔风冷CPU散热器(高效导热/回流焊/多平台/六导热管),269.00,银昕SilverStone京东自营旗舰店,FM620Pro黑 6热管双塔CPU散热器,200+,jfs/t1/412554/35/8791/82873/69ce1e63Ff1a6d8ff/00833203202f94ee.jpg,1000000669,多平台兼容;回流焊接;工业美学;六热管散热;双塔设计;高能硅脂;高效导热,100328470024,300+,100328470024
风冷散热器 8热管 自营,银昕（SilverStone）FM620Pro白色 6热管双塔风冷CPU散热器(高效导热/回流焊/多平台/六导热管),269.00,银昕SilverStone京东自营旗舰店,FM620Pro白 6热管双塔CPU散热器,200+,jfs/t1/412953/15/8085/88194/69ce1e63F040f4b29/0083320320cde14f.jpg,1000000669,六热管散热;多平台兼容;回流焊接;高效导热;高能硅脂;工业美学;双塔设计,100246161387,300+,100246161387
风冷散热器 8热管 自营,九州风神（DEEPCOOL）X6 笔记本散热器 （电脑配件/笔记本支架/散热架/散热垫/适用于15.6英寸/风冷）,65.00,九州风神 京东自营旗舰店,[商务达人-15.6英寸本]多风扇,20万+,jfs/t1/411016/18/10217/116644/69cb2adfF2d65c889/0083320320d5a20a.jpg,1000000461,15.6英寸;笔记本支架;多档调节高低;透气材料;适用广泛;静音运行;优雅外观;易于清洁;风冷散热;大尺寸适配,821621,10万+,821621
风冷散热器 8热管 自营,九州风神（DEEPCOOL）阿萨辛VC至尊版黑金色CPU旗舰风冷散热器/7热管/VC均热领域/双模式散热/内存全避位,849.00,九州风神 京东自营旗舰店,阿萨辛VC至尊版-黑金色,2万+,jfs/t1/413359/6/190/93927/69cb2b5eFa63f08e7/0083320320a3d1c7.jpg,1000000461,内存全避位;金色铭牌设计;VC均热底座;黑金色外观;7热管设计;VC均热技术;兼容AM4,100205228199,4万+,100205228199
风冷散热器 8热管 自营,利民（thermalright）Frost Commander 140 冰封统领 8mmAGHP4.0 五热管全电镀回流焊风冷散热器 2次动平衡 FC140,314.00,利民Thermalright京东自营旗舰店,FC140 5X8MM双塔高性能标准版,10万+,jfs/t1/177689/17/50615/79875/671f6203F0b76aab1/7c22c01fc3769ca8.jpg,1000099731,高效传导;高性能散热;五热管设计;支持多平台,100019603508,10万+,100019603508
风冷散热器 8热管 自营,九州风神（DEEPCOOL）冰立方700数显黑金刚风冷散热器7热管单塔/AI智能调速/8秒反转清灰/高清数显段码屏/内存全避位,399.00,九州风神 京东自营旗舰店,AK700数显黑金刚-7热管单塔,2万+,jfs/t1/409291/8/18627/88781/69cb2b51F3f03090b/0083320320302b00.jpg,1000000461,内存全避位;8秒反转清灰;自清灰技术;AMD兼容;黑金刚外观;高清数显屏;单塔散热;7热管设计;AI智能调速,100265358566,3万+,100265358566
风冷散热器 8热管 自营,九州风神（DEEPCOOL）冰立方AK620暗夜第二代G2风冷散热器/6热管双塔旗舰/8秒反转清灰/智能启停风扇/可偏移调节扣具,379.00,九州风神 京东自营旗舰店,AK620暗夜G2-第二代,2万+,jfs/t1/409470/2/18684/109582/69cb2b2aF0f1b2ef3/00833203206d4a79.jpg,1000000461,6热管双塔旗舰;智慧启停风扇;智能启停风扇;8秒反转清灰;反转清灰;旗舰性能;6热管散热;智能启停;可调扣具;可偏移扣具,100281531058,3万+,100281531058
一体式水冷 120冷排 自营,超频3（PCCOOLER）巨浪120 DA120 CPU一体式水冷散热器ARGB/幻彩灯光/一体式/支持1200/1700/AM5/标配硅脂,179.00,超频三京东自营旗舰店,巨浪120-幻彩灯光,2万+,jfs/t1/243345/33/12292/52315/6676733eF9e1f481c/89bc4228c33881c9.png,1000000670,120水冷;多平台支持;ARGB风扇;支持多平台;ARGB无限;标配硅脂;静音运行;回流焊工艺;幻彩灯效;ARGB灯效,3762171,4万+,3762171
一体式水冷 120冷排 自营,大水牛（BUBALUS）凌霜120一体式CPU水冷散热器（幻彩无限镜冷头/支持IntelLGA2011/AMD/多平台/PWM温控/电脑风扇） ,139.00,大水牛京东自营旗舰店,凌霜120无限镜/方形冷头,5万+,jfs/t1/212362/25/42933/59944/667bdaeeFf8cb619c/151514e8b5744675.jpg,1000000707,PWM智能温控;兼容性强;幻彩灯效;超静音运作,100125980490,7万+,100125980490
一体式水冷 120冷排 自营,ID-COOLING（酷凛 ）一体式CPU水冷散热器 120电脑水冷 ARGB幻彩风扇 支持LGA12001700/AM4/AM5 FX120 ARGB,199.00,酷凛（ID-COOLING）京东自营旗舰店,FX120 ARGB,1万+,jfs/t1/179002/4/45759/49119/664d8df0Fd9c13781/07dbe5430995b39c.jpg,1000006124,PWM调速;ARGB幻彩;自研5代水泵;兼容多平台;多平台兼容;流畅运行;轻松安装;便捷调节;双重降噪;静音设计,100055652728,1万+,100055652728
一体式水冷 120冷排 自营,追风者（PHANTEKS）D28积木版正叶120mm机箱水冷排性能散热ARGB温控风压量扇(28mm厚/双侧无限镜/无线拼接/黑),39.00,追风者Phanteks京东自营旗舰店,D28-120/无限镜/单包黑/正叶,2万+,jfs/t1/375238/20/14524/192649/693fa023F17bad602/cca27c1ab3bf91b0.jpg,1000000468,高性能温控扇;28MM厚;ARGB无限镜;120mm尺寸;无线拼接;正向无限镜;双侧镜面;ARGB灯效;卡扣连接;28mm厚度,100298310636,5万+,100298310636
一体式水冷 120冷排 自营,超频3（PCCOOLER）巨浪360 ARGB黑色 一体式水冷CPU散热器（无限镜冷头/预装风扇/一线直连/支持1700/1200）,289.00,超频三京东自营旗舰店,巨浪360黑（支持intel平台）,2万+,jfs/t1/238126/29/22221/72621/66a1ccbeF69c7b12a/4de9a011a0d6c2ce.jpg,1000000670,1千+人已买;2千+店铺粉丝浏览;9万+人浏览,100069590732,4万+,100069590732
一体式水冷 120冷排 自营,TRYX（创氪星系）PANORAMA SE 360水冷散热器ARGB白+ROTA暗星120风扇白*2,2117.00,TRYX（创氪星系）京东自营旗舰店,,1,jfs/t1/257893/40/11891/37662/67860a28Ff7a39e54/c33b916db260b03e.jpg,1000481875,双风扇设计;白色外观;曲面屏显;ARGB灯效;一体式水冷,100141831631,,100141831631
一体式水冷 120冷排 自营,TCOMAS钛钽LX800 PRO 360黑色一体式CPU水冷散热器 IPS双屏幕圆形方形 ARGB光效 支持intel/AMD,1229.00,TCOMAS京东自营旗舰店,LX800PRO 黑色 双平台版本,1万+,jfs/t1/354683/39/11584/87012/691548c4Fc5ac532c/0f25f04d91c50f33.png,1000466476,磁吸风扇;双屏幕冷头设计;加厚冷排;六年质保;支持Intel;炫彩灯效;智能监控;IPS屏显;磁吸接口;ARGB光效,100117500627,1万+,100117500627
一体式水冷 120冷排 自营,TCOMAS钛钽SJ-A080 360黑色 一体式CPU水冷散热器 大冷头加厚冷排风扇ARGB光效 支持intel/AMD,398.00,TCOMAS京东自营旗舰店,A080 360黑色 双平台版本,5万+,jfs/t1/355090/33/8750/83597/691548d9F33a66215/5376e7803928b5d4.png,1000466476,一体式设计;六年只换不修;神光同步;兼容AM5,100071529679,9万+,100071529679
一体式水冷 120冷排 自营,thermalright利民水冷散热器,374.00,利民Thermalright京东自营旗舰店,FROZEN WARFRAME 360 BLACK,5万+,jfs/t1/208871/6/34294/59488/655c8841Fb0f65677/6cb6239bfe70a97a.jpg,1000099731,支持DIY主题;磁吸可拆卸冷头;IPS液晶屏;流畅运行;简约美观;高性能提升;智能显示;节省空间;耐用可靠;兼容多接口,100078463808,5万+,100078463808
一体式水冷 120冷排 自营,九州风神（DEEPCOOL）冰翼LQ360 Ultra ARGB一体式水冷散热器/PWM调速水泵/ARGB磁吸冷头/FDB高性能风扇,799.00,九州风神 京东自营旗舰店,冰翼LQ360Ultra ARGB,2000+,jfs/t1/411023/10/10470/68998/69cb2b4bF882d3eaa/00833203209657ef.jpg,1000000461,PWM调速水泵;兼容多平台;高性能风扇;兼容AM5;磁吸冷头;PWM调速;ARGB灯效;ARGB光环;FDB风扇,100295044406,4000+,100295044406
一体式水冷 120冷排 自营,利民（thermalright）Hyper Vision 360 UB ARGB WHITE 终越视界UB 一体式水冷散热器 HV360 UB ARGB WHITE,939.00,利民Thermalright京东自营旗舰店,HV360 UB ARGB WHITE,500+,jfs/t1/274345/35/203/59103/67ce3d24F24589b3c/e7b5865df2cb7d9b.jpg,1000099731,SS2通用扣具;独立水泵扣架;性能联排风扇;一体式散热;IPS屏显;LGA1700;AMD兼容;ARGB灯效;全白设计;兼容多接口,100154469217,800+,100154469217
一体式水冷 120冷排 自营,利民（thermalright）STREAM VISION 360 BLACK 风擎视界 一体式水冷散热器 SV360 BLACK 镶入式风扇,699.00,利民Thermalright京东自营旗舰店,SV 360 BLACK,100+,jfs/t1/317587/35/26701/69972/68a2c707F79b135a9/1439b9d3f1c90916.jpg,1000099731,自定义屏幕主题;全彩LCD显示;嵌入式冷头风扇;一体式散热;黑色外观;LCD屏显;镶嵌风扇;视界设计;兼容AM4,100273598120,100+,100273598120
一体式水冷 120冷排 自营,九州风神（DEEPCOOL）LT360 VISION 一体式水冷散热器/自研智控软件/4.5英寸全视角大屏/动平衡泄压冷排/聚风环ARGB风扇,699.00,九州风神 京东自营旗舰店,LT360 VISION 全视角大屏,5000+,jfs/t1/411384/39/6484/71732/69cb2afcFb460c991/00833203200fe1cd.jpg,1000000461,4.5全视角大屏;动平衡泄压冷排;AI智能软件;动平衡泄压;ARGB灯效;聚风环扇;兼容多接口;AI智能控;4.5寸大屏;全视角屏,100244708291,9000+,100244708291
一体式水冷 120冷排 自营,利民（thermalright）Mjolnir VISION 360 UB PRO ARGB WHITE 一体式水冷散热器 液晶屏3.5寸液晶屏640X480分辨率,588.20,利民Thermalright京东自营旗舰店,MV360 UB PRO ARGB WHITE,1000+,jfs/t1/304249/33/13217/67415/685a5a34F775aa833/b3b97e90ba14815b.jpg,1000099731,IPS液晶屏;磁吸拆卸冷头;性能联排风扇;兼容多平台;360冷排设计;高清显示;3.5寸液晶屏;ARGB灯效,100242017436,2000+,100242017436
一体式水冷 120冷排 自营,利民（thermalright）Frozen Edge 240 WHITE 冰封幻刃 一体式水冷CPU散热器 金属冷头 Cpu散热器 FE 240 WHITE,499.00,利民Thermalright京东自营旗舰店,Frozen Edge 240 WHITE,5000+,jfs/t1/233898/20/20137/42663/6674cb94Ffcedb911/343ab566490e7e86.jpg,1000099731,全铝合金冷头;CNC微雕纹理;双平台扣具;耐用材料;支持AM5;炫彩灯效;白色外观;冰封幻刃;静音运行;冷却性能优,100056662366,8000+,100056662366
一体式水冷 120冷排 自营,华硕ROG龙王四代一体式CPU水冷散热器 颜值版6.67英寸AMOLED曲面屏幕/高性能水泵/隐藏式水管/预装风扇,2599.00,华硕京东自营旗舰店,龙王4代 颜值版 黑色,2000+,jfs/t1/279358/35/28285/209060/68107fecFfa55b19c/4c2d9b6526cf21d2.jpg,1000000225,OLED曲面屏;隐藏式水管;预装风扇;高性能泵,100200959820,5000+,100200959820
一体式水冷 120冷排 自营,安耐美（Enermax）XTR360 幻彩锐龙 一体式水冷散热器 TR4升级数显冷头/550W TDP/适用工作站INTEL至强AMD线程撕裂者,1599.00,安耐美Enermax京东自营旗舰店,升级数显款 XTR360水冷,100+,jfs/t1/426290/25/9605/87794/69f1764eFb322725e/008332032016b561.jpg,1000279061,双滚珠轴承风扇;升级款数显冷头;TDP550W;一体式设计;工作站专用;RGB冷头;适用至强;数显冷头;幻彩冷头;RGB灯效,100164155981,200+,100164155981
一体式水冷 120冷排 自营,鑫谷（segotep）昆仑MU-360 ARGB一体式水冷CPU散热器（自定义IPS屏幕/模组拼接积木风扇/兼容Intel/AMD多平台）,499.00,鑫谷京东自营旗舰店,昆仑MU-360黑色,2000+,jfs/t1/206158/33/41328/49991/65f7f470F28b95494/80226808b8399960.jpg,1000005668,幻境ARGB;积木模组风扇;IPS屏幕;灯效卡扣;多平台兼容;卡扣设计;ARGB灯效;多平台支持;独特设计;模组拼接风扇,100102942748,5000+,100102942748
一体式水冷 120冷排 自营,利民（thermalright）Frozen Magic 240冰封幻境 一体式水冷散热器 支持多平台 全金属扣具 ARGB冷头 FM240,284.00,利民Thermalright京东自营旗舰店,Frozen Magic 240 ,5万+,jfs/t1/239841/30/11991/36633/6674ce5aF178654a5/e8171273bbeae3dd.jpg,1000099731,炫彩灯效;多平台兼容;镜面电镀亚克力;高效散热,100009167289,10万+,100009167289
一体式水冷 120冷排 自营,利民（thermalright）CORE MATRIX 360 ARGB BLACK V3 幻芯矩阵 CPU一体式水冷散热器 CM 360 ARGB BLACK V3,749.00,利民Thermalright京东自营旗舰店,CORE MATRIX 360 BLACK  V3,5000+,jfs/t1/289399/32/12175/59687/686398eaF0bb62799/44c518d4ce048e86.jpg,1000099731,全黑纳米喷漆;矩形幻视风;双平台金属扣具;RGB灯光;六年质保;支持AM5;炫彩灯效;全黑设计;轻松安装;节省空间,100062478612,8000+,100062478612
一体式水冷 120冷排 自营,利民（thermalright）Hyper Vision 360 ARGB WHITE 终越视界一体式水冷散热器3.95英寸液晶屏 HV360 ARGB WHITE,899.00,利民Thermalright京东自营旗舰店,Hyper Vision 360 ARGB WHITE ,2000+,jfs/t1/183648/32/50275/54146/67185251F6a89d2b0/1cb15da07cc508e0.jpg,1000099731,支持DIY主题;磁吸冷头设计;IPS液晶屏;一体化设计;持久耐用;炫彩灯效;流畅游戏;极致散热;360mm风冷;水冷静音,100123727913,2000+,100123727913
一体式水冷 120冷排 自营,利民（thermalright）WONDER VISION 360 UB ARGB BLACK 奇幻视界UB 裸眼3D曲面屏水冷散热器WV360 UB ARGB BLACK,1299.00,利民Thermalright京东自营旗舰店,WV 360 UB ARGB BLACK,2000+,jfs/t1/298866/8/11746/60886/68398d8fF00a53954/8c26b3ee10ea2e80.jpg,1000099731,裸眼3D曲面屏;磁吸冷头设计;性能联排风扇;黄金搭配;兼容AM4;一体式水冷;高效散热;曲面显示;ARGB灯效;裸眼3D屏,100235744414,3000+,100235744414
一体式水冷 120冷排 自营,LIANLI联力隐流2代一体式水冷散热器 无风扇版 黑色 方屏/360冷排/无风扇/LCD屏,999.00,联力 LIANLI 京东自营旗舰店,二代方屏无风扇版-黑色,500+,jfs/t1/340361/35/26029/43545/690b21bdFc2940680/3726e2d2c7a3dc7a.png,1000507081,AMD适配;LCD屏显示;兼容AM5;360冷排强;黑色外观;一体式散热;黑色时尚;无风扇静音;LCD屏显,100222083163,600+,100222083163
一体式水冷 120冷排 自营,瓦尔基里(VALKYRIE）A360W VK 一体式CPU水冷散热器 多平台扣具 支持LGA1700 ARGB光效 隐藏走线一线通,383.00,瓦尔基里（VALKYRIE）京东自营旗舰店,A360W白色,10万+,jfs/t1/302008/9/14845/56640/68558389F48dd9a64/6325442e8ec9bb63.jpg,1000421158,多平台兼容;安装简便;高效散热;RGB神光同步,100058560901,30万+,100058560901
一体式水冷 120冷排 自营,追风者（PHANTEKS）冰灵D28黑360一体式CPU水冷散热器(ARGB无限镜灯效/高性能水泵/28mm积木风扇/LGA1851),429.00,追风者Phanteks京东自营旗舰店,冰灵360D28-积木扇/无限镜/黑色,1万+,jfs/t1/377069/8/12036/210126/693f7ae8F0d14fb72/4e288d7af7c904ce.jpg,1000000468,高效散热;ARGB无限镜;积木卡扣风扇;高性能泵;积木风格;炫彩灯光;ARGB灯效;兼容多接口,100298994256,1万+,100298994256
一体式水冷 120冷排 自营,爱国者（aigo）冰魄R360 白色 一体式CPU水冷散热器 2.73吋LCD高清显示屏 多平台支持 ARGB光效,424.00,爱国者DIY京东自营旗舰店,冰魄R360白|2.73吋屏|软件生态,1万+,jfs/t1/331097/26/2390/108514/68a7dad2F79296990/17602144973d43ce.jpg,1000000416,LCD高清屏;磁吸拼接冷头;ARGB光效;有线连接;炫彩灯效;兼容AM5;多平台兼容;高清LCD屏;2.73吋显示;一体式设计,100221489232,1万+,100221489232
一体式水冷 120冷排 自营,华硕ROG  吹雪 360ARGB LCD方屏版一体式CPU水冷散热器 高清3.5英寸屏幕/高性能水泵/预装风扇,1699.00,华硕京东自营旗舰店,吹雪 360 3.5英寸LCD,2000+,jfs/t1/348523/6/17620/168870/68ff21bdFbb8af3de/967eda272d341fa4.jpg,1000000225,双平台支持;专属冷头动画;3.5英寸屏幕,100293202774,2000+,100293202774
一体式水冷 120冷排 自营,利民（thermalright）FROZEN WARFRAME 360 SE ARGB WHITE 寒冰装甲 一体式水冷散热器 FW360 SE ARGB WHITE,363.00,利民Thermalright京东自营旗舰店,FW360 SE ARGB WHITE,1万+,jfs/t1/167347/18/38298/54601/677ce272F88b953d6/07281a10683a2e06.jpg,1000099731,磁吸模块屏幕;ARGB灯效;IPS屏显;支持DIY主题,100141810403,1万+,100141810403
一体式水冷 120冷排 自营,利民（thermalright） Frozen MAGIC 360 SCENIC V2 冰封远景一体式水冷散热器 B12W风扇ARGB冷头 FM360S V2,587.00,利民Thermalright京东自营旗舰店,Frozen MAGIC 360 SCENIC V2,1万+,jfs/t1/261057/6/692/44760/67651d1eFa720204b/6c46a9e683b4fe5e.jpg,1000099731,镜面电镀亚克力;伺服级风压扇;双平台金属扣具;360多重冷却;支持AM5;ARGB冷头;简单安装;一体设计;AM5支持;静音运行,100018259800,1万+,100018259800
一体式水冷 120冷排 自营,技嘉（GIGABYTE）AORUS魔鹰一体式CPU水冷散热器高性能水泵设计磁吸可拆炫彩魔光ARGB保固五年,529.00,技嘉京东自营旗舰店,魔鹰360,11,jfs/t1/424509/13/10893/145684/69f00b83Fea7ac131/00833203203e504d.jpg,1000000297,炫彩灯效;五年保固;磁吸设计;高转速泵;铜底焊接;简易安装,100249217089,,100249217089
一体式水冷 240冷排 自营,大水牛（BUBALUS）智冷240 智能数显CPU水冷散热器(无限镜ARGB神光同步/支持INTELLGA1700/AM5/一体式/PWM温控风扇),229.00,大水牛京东自营旗舰店,智冷240 智能数显水冷,5万+,jfs/t20280123/387582/3/13034/135444/6972df50F418fa8fe/0a02320320fa18c2.jpg,1000000707,无限镜;智能数显;200+店铺粉丝浏览;一体式,100222331758,7万+,100222331758
一体式水冷 240冷排 自营,利民（thermalright）Frozen Magic 240冰封幻境 一体式水冷散热器 支持多平台 全金属扣具 ARGB冷头 FM240,284.00,利民Thermalright京东自营旗舰店,Frozen Magic 240 ,5万+,jfs/t1/239841/30/11991/36633/6674ce5aF178654a5/e8171273bbeae3dd.jpg,1000099731,炫彩灯效;多平台兼容;镜面电镀亚克力;高效散热,100009167289,10万+,100009167289
一体式水冷 240冷排 自营,TCOMAS钛钽LG600 240黑色 一体式CPU水冷散热器 3.95英寸IPS屏幕 ARGB光效 支持intel/AMD,598.00,TCOMAS京东自营旗舰店,LG600屏幕款 240黑色 双平台版本,2000+,jfs/t1/354766/29/11037/70362/691548d2F80de90a0/0e68e00e6b851680.png,1000466476,支持视频显示;大屏幕;加厚冷排风扇;兼容多平台;炫彩灯效;ARGB灯光;兼容多接口;智能显示;ARGB光效;3.95英寸屏,100242644518,5000+,100242644518
一体式水冷 240冷排 自营,乔思伯（JONSBO）TH-240黑色 一体式水冷散热器 (连体4面千层镜风扇/一线通接主板/冷头数显/软件/千层镜光效),349.00,乔思伯京东自营旗舰店,【数显】TH-240黑-联体扇,1万+,jfs/t1/407774/24/13586/99538/69c3a639Fb860e6b0/0083320320f1d1f2.jpg,1000007266,数显冷头;一体式风扇;便捷安装;软件控温;镜面光效;千层镜光;风扇四面;光效炫酷;千层镜风;智能数显,100126523715,1万+,100126523715
一体式水冷 240冷排 自营,abee FUNCTION A240一体式水冷CPU散热器 AMD AM5专用 锐龙9000 9950X3D 9800X3D 7950X 适配紧凑机箱,799.00,abee京东自营旗舰店,FUNCTION A240,2000+,jfs/t1/393782/20/10910/72374/69897dccF6396b68c/008332032079ac89.jpg,1000370183,1万+人浏览;100+人收藏;2千+人加购,100145641892,3000+,100145641892
一体式水冷 240冷排 自营,利民（thermalright）AQUA ELITE 240 ARGB 一体式水冷散热器 日蚀幻彩光效 全金属扣具 ARGB冷头 AE240 ARGB,329.00,利民Thermalright京东自营旗舰店,AQUA ELITE 240 ARGB,20万+,jfs/t1/235292/33/18920/40138/6674cf5dFefef7be7/5fd13871b44a2f63.jpg,1000099731,双平台金属扣具;四季兼容;兼容多接口;低噪音运行,100031537752,20万+,100031537752
一体式水冷 240冷排 自营,TCOMAS钛钽SJ-A090 240水冷,378.00,TCOMAS京东自营旗舰店,A090 240黑色 双平台版本,2000+,jfs/t1/341483/38/27247/66903/691548d7F368850a5/838151569d3fbe95.png,1000466476,ARGB光效;大冷头;加厚冷排风扇;六年质保;支持Intel;强大散热;高效散热;卓越冷却;流畅灯效;静音运行,100150999806,5000+,100150999806
一体式水冷 240冷排 自营,酷凛(IDCOOLING )雪界DX240 白色无风扇版 一体式CPU水冷散热器  适用LGA1700/1200/AM4/AM5 ,289.00,酷凛（ID-COOLING）京东自营旗舰店,雪界DX240 白色无风扇版,2000+,jfs/t1/178757/31/48345/105113/674e6976F9f354eae/bcd3f0422f7aeef5.png,1000006124,稳定性能;高效散热;炫彩灯效;兼容多接口;简约白色,100145835488,4000+,100145835488
一体式水冷 240冷排 自营,abee FUNCTION U240一体式水冷CPU散热器 Intel Ultra200 LGA1851/LGA1700专用 285K 14900K,799.00,abee京东自营旗舰店,FUNCTION U240,2000+,jfs/t1/390018/6/18429/73446/69897df2Fababd03a/008332032034b22e.jpg,1000370183,Intel专用;双滚珠风扇;27mm冷排,100152843450,3000+,100152843450
一体式水冷 240冷排 自营,利民（thermalright）Frozen Edge 240 BLACK 冰封幻刃 一体式水冷CPU散热器 金属冷头 CPU散热器 FE240 BLACK,499.00,利民Thermalright京东自营旗舰店,Frozen Edge 240 BLACK,5000+,jfs/t1/231773/38/18801/38291/6674cb69Fbac9579d/20c9fa20e395d100.jpg,1000099731,CNC微雕纹理;三次元动平衡;全金属冷头;耐用材料;支持AM5;ARGB炫光;稳定性能;独特外观;静音运行;高效散热,100060455843,8000+,100060455843
一体式水冷 240冷排 自营,利民（thermalright）AQUA ELITE 240 WHITE ARGB 一体式水冷散热器日蚀幻彩光效 ARGB冷头 AE240 WHITE ARGB,219.00,利民Thermalright京东自营旗舰店,AQUA ELITE 240 WHITE ARGB,20万+,jfs/t1/207803/14/42147/61127/6674cfa0F97ac92fc/bf666817e75d3d9e.jpg,1000099731,主板神光同步;兼容AM4;双平台金属扣具;超强散热,100038108279,20万+,100038108279
一体式水冷 240冷排 自营,TCOMAS钛钽LG600 240白色 一体式CPU水冷散热器 3.95英寸IPS屏幕 ARGB光效 支持intel/AMD,598.00,TCOMAS京东自营旗舰店,LG600屏幕款 240白色 双平台版本,2000+,jfs/t1/350348/32/26549/73484/691548d5F043209c6/40d03a2cb17a0ca6.png,1000466476,大屏幕;支持视频显示;加厚冷排风扇;兼容多平台;炫彩灯效;大屏显示;ARGB光效;一体式设计;兼容性强;3.95英寸屏,100242644496,5000+,100242644496
一体式水冷 240冷排 自营,瓦尔基里(VALKYRIE）A240 VK 一体式CPU水冷散热器 多平台扣具 支持LGA1700 ARGB光效 隐藏走线一线通,314.00,瓦尔基里（VALKYRIE）京东自营旗舰店,A240黑色,10万+,jfs/t1/132342/14/40804/62144/65244cedF829ccbf3/3f2357953ed8fd8e.jpg,1000421158,25万+人浏览;5千+店铺粉丝浏览;5万+人加购,100058560905,30万+,100058560905
一体式水冷 240冷排 自营,瓦尔基里（VALKYRIE）B240-GT VK 一体式CPU水冷散热器 3.95吋IPS液晶屏 多平台支持 ARGB光效 一线通风扇,499.00,瓦尔基里（VALKYRIE）京东自营旗舰店,B240-GT,5万+,jfs/t1/287685/11/15653/57250/685582cdFbc7cad42/58bd648dfaff3527.jpg,1000421158,3.95吋屏幕;多平台兼容;液晶屏显;炫彩灯效;ARGB光效;一线风扇,100160717651,10万+,100160717651
一体式水冷 240冷排 自营,瓦尔基里（VALKYRIE）GLA240 BLACK VK 一体式CPU水冷散热器 智能数显冷头 多平台扣具 支持AM5 LGA1700 ARGB光效 ,329.00,瓦尔基里（VALKYRIE）京东自营旗舰店,GLA240 BLACK,2000+,jfs/t1/287340/24/22370/56566/68946212F0154b3e6/7b416b5e9f1db9e4.jpg,1000421158,磁吸模块;智能数显;多平台兼容;炫彩灯效;多平台扣;ARGB光效;LGA1700;兼容AM5;环形扇叶,100201281739,1万+,100201281739
一体式水冷 240冷排 自营,瓦尔基里（VALKYRIE）B240W VK 一体式CPU水冷散热器 2吋IPS液晶屏 多平台支持 ARGB光效 一线通,439.00,瓦尔基里（VALKYRIE）京东自营旗舰店,B240W,5万+,jfs/t1/205477/36/43012/57892/6645ad54Fdb6ba310/5f08a9ccf43faccb.jpg,1000421158,一线通风扇设计;超擎泵V3;IPS液晶屏;多平台适用;ARGB光效;炫彩灯效;2吋IPS屏;一线通设计,100115133744,10万+,100115133744
一体式水冷 240冷排 自营,瓦尔基里(VALKYRIE）A240W VK 一体式CPU水冷散热器 多平台扣具 支持LGA1700 ARGB光效 隐藏走线一线通,324.00,瓦尔基里（VALKYRIE）京东自营旗舰店,A240W白色,10万+,jfs/t1/55399/38/26086/30164/66bfe8dfFaf351524/e8e9011a2de5a9e8.jpg,1000421158,1千+店铺会员浏览;25万+人浏览;5万+人加购,100052120482,30万+,100052120482
一体式水冷 240冷排 自营,九州风神（DEEPCOOL）冰域240水冷散热器/PWM智能调速水泵/支持MP4视频/ARGB星环风扇,449.00,九州风神 京东自营旗舰店,冰域240-2.4寸液晶屏,5000+,jfs/t1/408948/2/16767/69784/69cb2b49F372fe99f/0083320320143aef.jpg,1000000461,ARGB风扇;智能调速水泵;炫彩星环;ARGB灯效;兼容AM4;兼容多接口;星环风扇;智能调速;支持MP4;PWM水泵,100235652336,9000+,100235652336
一体式水冷 240冷排 自营,TRYX（创氪星系）PANORAMA 展域SE 240水冷cpu散热器ARGB白 6.67英寸曲面屏/Asetek/KANALI软件/裸眼3D,1599.00,TRYX（创氪星系）京东自营旗舰店,展域SE240ARGB 6.67英寸曲面屏白,1万+,jfs/t1/429837/18/2568/102301/69f4af3fF8eb8cde2/00833203202ed98d.jpg,1000481875,兼容LGA;Asetek泵;Asetek技术;曲面屏显;ARGB灯效,100182580377,2万+,100182580377
一体式水冷 240冷排 自营,超频3（PCCOOLER）北境GT240 ARGB黑色屏显一体式CPU水冷散热器/3.5吋液晶屏/自定义主题//支持1851/AM5,749.00,超频三京东自营旗舰店,3.5吋液晶屏【8年质保】 240黑色,2000+,jfs/t1/271240/2/20986/79395/67fc7325Fa6789ac5/bc5241d8bad89065.jpg,1000000670,全陶瓷轴心水泵;高速双滚珠风扇;3.5吋液晶屏;液晶屏显;兼容AM4;ARGB灯效;液晶显示;一体式散热;自定义主题;一体式设计,100164473563,3000+,100164473563
一体式水冷 240冷排 自营,超频3（PCCOOLER）北境GT240 ARGB 白色屏显一体式CPU水冷散热器/3.5吋液晶屏/自定义主题/支持1851/AM5,749.00,超频三京东自营旗舰店,3.5吋液晶屏【8年质保】 240白色,2000+,jfs/t1/310349/18/10079/83164/68506085F6ccd3af6/2ef1d97ccd2f5e38.jpg,1000000670,1万+人浏览;3千+人加购;600+店铺粉丝浏览,100164473559,3000+,100164473559
一体式水冷 240冷排 自营,瓦尔基里(VALKYRIE）V240 DRACULA  VK 一体式CPU水冷散热器  2.1吋IPS液晶屏 LCP扇叶风扇 支持LGA1700 ,999.00,瓦尔基里（VALKYRIE）京东自营旗舰店,V240 德古拉 圆2.1 黑,2万+,jfs/t1/289045/35/10806/68148/68557fffFf3993529/dc8b56f20547589d.jpg,1000421158,IPS显示屏;磁吸可更换上盖;多平台兼容;优雅外观;兼容广泛;MYTH控制;高性能风扇;用户友好;流畅运行;智能显示,100069589176,5万+,100069589176
一体式水冷 240冷排 自营,利民（thermalright）Frozen Edge 240 WHITE 冰封幻刃 一体式水冷CPU散热器 金属冷头 Cpu散热器 FE 240 WHITE,499.00,利民Thermalright京东自营旗舰店,Frozen Edge 240 WHITE,5000+,jfs/t1/233898/20/20137/42663/6674cb94Ffcedb911/343ab566490e7e86.jpg,1000099731,全铝合金冷头;CNC微雕纹理;双平台扣具;耐用材料;支持AM5;炫彩灯效;白色外观;冰封幻刃;静音运行;冷却性能优,100056662366,8000+,100056662366
一体式水冷 240冷排 自营,瓦尔基里(VALKYRIE）V240 VALKYRIE  VK 一体式CPU水冷散热器  2.1吋IPS液晶屏 LCP扇叶风扇 支持LGA1700 ,949.00,瓦尔基里（VALKYRIE）京东自营旗舰店,V240 迷雾 圆2.1 白,2万+,jfs/t1/305246/3/12016/61182/68557fe5F598b0837/abccd79f9abb0054.jpg,1000421158,3.5寸显示屏;磁吸可替换外观;高性能风扇;MYTH控制;可替换外观;LGA1700;智能控制;快速安装;2.1吋LCD;静音设计,100070179915,5万+,100070179915
一体式水冷 240冷排 自营,TCOMAS钛钽SJ-A090 240白色 一体式CPU水冷散热器 大冷头加厚冷排风扇ARGB光效 支持intel/AMD,378.00,TCOMAS京东自营旗舰店,A090 240白色 双平台版本,2000+,jfs/t1/358855/8/8460/68616/691548d9Fd5c9fee5/d4ffbb10bd291af5.png,1000466476,磁吸冷头;加厚风扇;兼容多平台;六年质保;支持Intel;简单安装;高效散热;静音风扇;流畅游戏体验;极简外观,100150999822,5000+,100150999822
一体式水冷 240冷排 自营,TRYX（创氪星系）PANORAMA 展域SE 240水冷cpu散热器ARGB黑 6.67英寸曲面屏/Asetek/KANALI软件/裸眼3D,1599.00,TRYX（创氪星系）京东自营旗舰店,展域SE240ARGB 6.67英寸曲面屏黑,1万+,jfs/t1/429804/13/3263/99843/69f4af39F72ec9f16/00833203201e1077.jpg,1000481875,裸眼3D视效;Asetek技术;一体式水冷;6.67英寸;曲面屏显;ARGB灯效,100238190280,2万+,100238190280
一体式水冷 240冷排 自营,利民（thermalright）FROZEN WARFRAME 240 BLACK ARGB 寒冰装甲 一体式水冷散热器IPS液晶屏 FW240 BLACK ARGB,396.80,利民Thermalright京东自营旗舰店,FROZEN WARFRAME240 BLACK ARGB ,5万+,jfs/t1/228644/17/4531/128911/6566d898F9c19f31f/3b38457bae91a309.jpg,1000099731,磁吸可拆卸屏幕;IPS液晶屏;支持DIY主题;静音设计,100079826304,5万+,100079826304
一体式水冷 240冷排 自营,TCOMAS钛钽SJ-A080 240黑色 一体式CPU水冷散热器 大冷头加厚冷排风扇ARGB光效 支持intel/AMD,358.00,TCOMAS京东自营旗舰店,A080 240黑色 双平台版本,2000+,jfs/t1/359519/8/7380/70837/691548daFbbb66347/89350fc96f3263ba.png,1000466476,ARGB灯效;大冷头;六年质保;高效冷却;使用舒适;稳定散热;兼容多平台;多平台兼容;长久耐用;炫彩灯效,100097455215,5000+,100097455215
一体式水冷 240冷排 自营,TRYX（创氪星系）PANORAMA展域240 水冷cpu散热器 黑 6.67英寸曲面屏/Asetek8/KANALI软件/裸眼3D视觉,2099.00,TRYX（创氪星系）京东自营旗舰店,展域240性能版 6.67英寸曲面屏黑,1万+,jfs/t1/425441/40/16652/133823/69f4af5fFb688b77b/0083320320765634.jpg,1000481875,简洁风格;6.67英寸;Asetek8方案;高效散热;分屏体验;黑色外观;多元玩法;Asetek8;曲面屏显;双屏乐趣,100102757236,2万+,100102757236
一体式水冷 240冷排 自营,九州风神（DEEPCOOL）冰果240PRO黑色一体式水冷散热器/短管设计/PWM调速水泵/升级高性能ARGB风扇,399.00,九州风神 京东自营旗舰店,冰果240PRO-短管设计,1万+,jfs/t1/412674/26/3624/64383/69cb2b5bFeec95a88/0083320320e54790.jpg,1000000461,短管设计;升级高性能风扇;PWM调速水泵;炫彩灯效;高性能风扇;兼容AM5;升级性能;PWM调速;ARGB灯效;兼容多接口,100283485542,2万+,100283485542
